No,Keyword,Search Volume,CPC,Paid Difficulty,Search Intent,Search Difficulty
1,robot aspiradora,27100,"$652,73",100,transactional,11
2,robot aspiradora y trapeadora,3600,"$696,24",100,transactional,11
3,aspiradora robot xiaomi,2900,"$348,12",100,transactional,13
4,robot aspiradora trapeadora,3600,"$754,26",100,,45
5,robot aspiradora samsung,1600,"$623,72",100,transactional,18
6,robot aspiradora atma,1000,"$246,59",100,transactional,12
7,robot aspiradora xiaomi,390,"$449,66",100,transactional,13
8,robot aspiradora electrolux,320,"$246,59",100,"transactional, navigational",14
9,aspiradora robot xiaomi e10,260,"$319,11",100,transactional,11
10,aspiradora robot xiaomi s20,260,"$406,14",99,transactional,18
11,robot aspiradora precio,260,"$145,05",100,transactional,12
12,robot aspiradora smart tek,260,"$333,62",100,transactional,9
13,aspiradora robot xiaomi vacuum s20,260,"$348,12",100,transactional,18
14,aspiradora robot xiaomi vacuum e5,260,"$420,65",100,transactional,18
15,robot aspiradora y trapeadora con mapeo,210,"$623,72",100,transactional,12
16,robot aspiradora gadnic,170,"$536,69",100,"transactional, navigational",10
17,robot aspiradora conga,170,"$406,14",100,transactional,12
18,aspiradora robot xiaomi x10,140,"$246,59",100,transactional,19
19,aspiradora robot xiaomi s10,140,"$333,62",100,transactional,16
20,robot aspiradora en chile,140,"$253,84",99,,35
21,mejor robot aspiradora y trapeadora,140,"$449,66",100,transactional,21
22,aspiradora robot xiaomi e10 eu,140,"$522,18",100,transactional,36
23,robot aspiradora philips,110,"$652,73",100,"transactional, navigational",13
24,robot aspiradora y trapeadora xiaomi,110,"$507,68",100,transactional,16
25,gadnic robot aspiradora,110,"$478,67",100,"transactional, navigational",10
26,robot aspiradora karcher,110,"$319,11",100,transactional,14
27,aspiradora robot xiaomi e5,110,"$217,58",100,transactional,23
28,robot aspiradora y trapeador xiaomi,110,"$739,76",100,transactional,16
29,aspiradora robot xiaomi s20 plus,90,"$551,19",100,,36
30,robot aspiradora opiniones,90,"$688,99",100,,44
31,robot aspiradora carrefour,70,"$304,61",100,,44
32,robot aspiradora inteligente,70,"$659,98",100,,44
33,cual es el mejor robot aspiradora y trapeador,70,"$725,25",99,,35
34,robot aspiradora y trapeador,70,"$1.080,62",100,,36
35,robot aspiradora xiaomi modelos,50,"$340,87",100,,36
36,robot aspiradora como funciona,50,"$203,07",63,,24
37,robot aspiradora oferta,40,"$529,43",100,,44
38,aspiradora robot xiaomi opiniones,40,"$1.000,85",100,,36
39,aspiradora robot xiaomi vacuum mop 2,40,"$181,31",100,,36
40,robot aspiradora yelmo,40,"$464,16",100,,44
41,aspiradora robot xiaomi x20,40,"$340,87",100,,36
42,aspiradora robot xiaomi vacuum e10,40,"$594,71",100,,36
43,robot aspiradora y trapeadora opiniones,30,"$551,19",100,,36
44,robot aspiradora y trapeadora cual es mejor,30,"$826,79",100,,36
45,aspiradora robot xiaomi x20 plus,30,"$384,38",100,,36
46,aspiradora robot xiaomi vacuum s20 negra 220v,30,$0,1,,5
47,robot aspiradora roomba,30,"$456,91",100,,44
48,aspiradora robot xiaomi vacuum,30,"$739,76",100,,36
49,robot aspiradora smartlife,30,"$348,12",100,,44
50,aspiradora robot xiaomi vacuum e5 blanca,30,"$471,41",100,,36
51,robot aspiradora y trapeadora samsung,30,"$1.211,17",100,,36
52,robot aspiradora argentina,20,"$623,72",100,,44
53,mejor robot aspiradora y trapeadora 2025,20,"$1.900,16",100,,36
54,robot aspiradora cual comprar,20,"$1.232,93",100,,36
55,robot aspiradora mercado libre,20,$0,100,,36
56,aspiradora robot xiaomi vacuum x20 pro,20,"$514,93",100,,36
57,robot aspiradora barato,20,"$543,94",100,,44
58,que robot aspiradora comprar,20,"$638,22",100,,36
59,aspiradora robot xiaomi vacuum s20 negra,20,"$471,41",100,,36
60,robot aspiradora y trapeadora argentina,20,"$420,65",100,,36
61,aspiradora robot xiaomi vacuum s40,20,"$710,75",100,,36
62,robot aspiradora ezviz,20,"$232,08",100,,44
63,robot aspiradora midea,20,"$253,84",100,,44
64,robot aspiradora de piscina,20,$0,100,,36
65,robot aspiradora dreame,20,"$333,62",100,,44
66,robot aspiradora peugeot,20,"$398,89",100,,44
67,robot aspiradora y trapeadora como funciona,20,"$217,58",98,,35
68,robot aspiradora y trapeadora fravega,20,"$623,72",100,,36
69,robot aspiradora gadnic z900,20,"$7.020,43",100,,36
70,robot aspiradora ilife,20,"$377,13",100,,44
71,aspiradora robot xiaomi chile,20,"$290,10",83,,30
72,robot aspiradora dibujo,20,$0,1,,13
73,robot aspiradora fravega,20,"$362,63",100,,44
74,aspiradora robot xiaomi x20 pro,20,"$464,16",100,,36
75,aspiradora robot xiaomi s40c,20,"$369,88",100,,36
76,robot aspiradora lg,20,"$319,11",100,,44
77,aspiradora robot xiaomi s20 opiniones,10,"$377,13",100,,36
78,robot aspiradora mejor calidad precio,10,$0,100,,36
79,robot aspiradora y trapeadora con autolimpieza,10,$0,100,,36
80,robot aspiradora xiaomi s20,10,"$311,86",100,,36
81,cual es la mejor aspiradora robot xiaomi,10,"$377,13",89,,32
82,mejor robot aspiradora para mascotas,10,$0,1,,5
83,robot aspiradora inteligente 3 en 1,10,$0,100,,36
84,robot aspiradora media markt,10,$0,1,,5
85,robot aspiradora recargable,10,$0,1,,13
86,robot aspiradora panama,10,$0,86,,39
87,robot aspiradora automatica,10,"$587,45",100,,44
88,aspiradora robot xiaomi x10 bhr6068eu 220v blanco,10,$0,1,,5
89,robot aspiradora y trapeadora gadnic,10,"$1.298,20",100,,36
90,video robot aspiradora,10,$0,56,,31
91,robot aspiradora lidl,10,$0,86,,39
92,robot aspiradora la mejor,10,$0,1,,5
93,robot aspiradora costa rica,10,$0,1,,5
94,robot aspiradora usa,10,$0,1,,13
95,robot aspiradora xiaomi e5,10,$0,1,,5
96,robot aspiradora ecuador,10,$0,1,,13
97,como programar aspiradora robot xiaomi,10,$0,10,,9
98,xiaomi robot aspiradora mop 2s,10,$0,1,,5
99,como hacer un robot aspiradora,10,$0,1,,5
100,robot aspiradora calidad precio,10,$0,86,,31
101,robot aspiradora para dibujar,10,$0,1,,5
102,robot aspiradora xiaomi s40,10,"$413,39",100,,36
103,robot aspiradora y trapeadora atma,10,$0,100,,36
104,robot aspiradora y trapeadora mercado libre,10,"$326,36",100,,36
105,robot aspiradora dji,10,$0,61,,32
106,robot aspiradora 360 c50,10,$0,1,,5
107,robot aspiradora vacuum,10,$0,100,,44
108,aspiradora robot xiaomi falabella,10,$0,1,,5
109,robot aspiradora y trapeadora osoji d1000pro,10,$0,1,,5
110,aspiradora robot xiaomi x10 plus,10,"$500,42",100,,36
111,aspiradora robot xiaomi 1c,10,$0,1,,5
112,aspiradora robot xiaomi s40,10,"$427,90",100,,36
113,robot aspiradora ripley,10,$0,1,,13
114,robot aspiradora liverpool,10,$0,1,,13
115,robot aspiradora dyson,10,"$224,83",100,,44
116,robot aspiradora vileda,10,$0,100,,44
117,aspiradora robot xiaomi e10c,10,$0,100,,36
118,mini robot aspiradora inteligente,10,$0,1,,5
119,mejor robot aspiradora y trapeadora xiaomi,10,$0,95,,34
120,xiaomi robot aspiradora vacuum s12,10,$0,1,,5
121,robot aspiradora de piso,10,"$246,59",100,,36
122,aspiradora robot xiaomi mop,10,$0,1,,5
123,robot aspiradora trapeadora osoji duo d990 wifi,10,$0,1,,5
124,robot aspiradora roomba 960,10,$0,1,,5
125,robot aspiradora para alberca,10,$0,1,,5
126,aspiradora robot xiaomi e5 opiniones,10,$0,1,,5
127,aspiradora robot xiaomi lider,10,$0,1,,5
128,tapo robot aspiradora,10,"$304,61",100,,44
129,robot aspiradora que es,10,$0,1,,5
130,robot aspiradora suono,10,"$790,52",100,,44
131,robot aspiradora mi,10,$0,1,,13
132,robot aspiradora lavadora,10,$0,1,,13
133,aspiradora robot xiaomi s40 pro,10,"$362,63",100,,36
134,aspiradora robot xiaomi s40 trapeadora con navegación laser,10,"$1.138,64",100,,36
135,aspiradora robot xiaomi x10 bhr6068eu,10,"$1.087,88",100,,36
136,robot aspiradora irobot roomba,10,$0,1,,5
137,aspiradora robot xiaomi x20 max,10,"$391,64",100,,36
138,aspiradora robot xiaomi x10 bhr6068eu blanco,10,"$1.058,87",100,,36
139,aspiradora robot xiaomi no tira agua,10,$0,2,,6
140,aspiradora robot xiaomi uruguay,10,$0,28,,14
141,robot aspiradora y trapeadora costco,10,$0,1,,5
142,robot aspiradora wurden,10,$0,100,,44
143,robot aspiradora thomas smart clean th 1060 sc,10,$0,1,,5
144,robot aspiradora aiwa,10,"$398,89",73,,35
145,robot aspiradora roomba 692,10,$0,1,,5
146,robot aspiradora y trapeadora ursus trotter,10,$0,1,,5
147,aspiradora robot xiaomi vacuum s20 blanca 220v,10,"$522,18",100,,36
148,robot aspiradora ursus trotter,10,$0,1,,5
149,robot aspiradora bogota,10,$0,86,,39
150,robot aspiradora thorben,10,$0,1,,13
151,robot aspiradora thomas smart clean th 1120sc,10,$0,1,,5
152,aspiradora robot xiaomi vacuum 2,10,$0,1,,5
153,robot aspiradora fika,10,"$398,89",99,,43
154,robot aspiradora falabella,10,$0,71,,35
155,robot aspiradora ultracomb,10,"$246,59",100,,44
156,robot aspiradora y trapeadora dyson,10,$0,100,,36
157,aspiradora robot xiaomi vacuum e5 negra 220v,10,$0,1,,5
158,mejor aspiradora robot xiaomi,10,"$790,52",100,,36
159,robot aspiradora y trapeadora paraguay,10,$0,1,,5
160,robot aspiradora black friday,10,$0,1,,5
161,que robot aspiradora es mejor,10,"$217,58",100,,36
162,robot aspiradora osoji d990 wifi,10,$0,1,,5
163,robot aspiradora roomba 105,10,$0,100,,36
164,robot aspiradora hot sale,10,$0,1,,5
165,aspiradora robot xiaomi vs osoji,0,$0,1,,4
166,robot aspiradora recargable onoff,0,$0,1,,4
167,robot aspiradora xiaomi 5 pro,0,$0,1,,4
168,robot aspiradora dojosan 990 wifi osoji robotics,0,$0,1,,4
169,aspiradora robot xiaomi vs roomba,0,$0,1,,4
170,mejor robot aspiradora fregona,0,$0,1,,4
171,aspiradora robot xiaomi s20 vs e10,0,$0,1,,4
172,robot aspiradora rosario,0,$0,1,,12
173,aspiradora robot xiaomi lydsto r1,0,$0,1,,4
174,robot aspiradora y trapeador sin bolsa,0,$0,1,,4
175,cual robot aspiradora es mejor,0,$0,1,,4
176,robot aspiradora s40,0,$0,1,,12
177,robot aspiradora nissei,0,$0,1,,12
178,robot aspiradora híbrido eufy clean l60 opiniones,0,$0,1,,4
179,robot aspiradora persona 5 royal,0,$0,1,,4
180,robot aspiradora wifi electrolux,0,$0,1,,4
181,robot aspiradora d1,0,$0,1,,12
182,robot aspiradora worten,0,$0,1,,12
183,robot aspiradora ursus,0,$0,1,,12
184,robot aspiradora y trapeadora oferta,0,$0,1,,4
185,robot aspiradora y trapeadora smartlife,0,$0,1,,4
186,robot aspiradora y trapeadora en ingles,0,$0,1,,4
187,robot aspiradora y trapeadora palacio de hierro,0,$0,1,,4
188,robot aspiradora y trapeadora mejor,0,$0,1,,4
189,robot aspiradora y trapeadora en chile,0,$0,1,,4
190,robot aspiradora y trapeadora con tanque de agua,0,$0,1,,4
191,robot aspiradora y trapeadora thomas,0,$0,1,,4
192,aspiradora robot xiaomi h40 eu 10000 pa,0,$0,1,,4
193,aspiradora robot xiaomi vacuum s20 trapea y aspira color negro,0,$0,1,,4
194,aspiradora robot xiaomi o gadnic,0,$0,1,,4
195,aspiradora robot xiaomi mercadolibre,0,$0,1,,4
196,como conectar aspiradora robot xiaomi,0,$0,1,,4
197,aspiradora robot xiaomi s20 plus opiniones,0,$0,1,,4
198,aspiradora robot xiaomi x10 opiniones,0,$0,1,,4
199,robot aspiradora xiaomi inalámbrica vacuum x20 pro,0,$0,1,,4
200,aspiradora robot xiaomi vacuum s20 5000pa negro 45w potencia,0,$0,1,,4
201,robot aspiradora 7000pa,0,$0,1,,12
202,manual aspiradora robot xiaomi,0,$0,1,,4
203,robot aspiradora duo dojosan 990,0,$0,1,,4
204,cepillo aspiradora robot xiaomi,0,$0,1,,4
205,limpiador de pisos para robot aspiradora,0,$0,1,,4
206,robot aspiradora vale la pena,0,$0,1,,4
207,robot aspiradora dojo 990,0,$0,1,,4
208,robot aspiradora cecotec 9590,0,$0,1,,4
209,robot aspiradora de colchones,0,$0,1,,4
210,robot aspiradora inalambrica,0,$0,1,,12
211,robot aspiradora wap,0,$0,1,,12
212,robot aspiradora honiture,0,$0,1,,12
213,robot aspiradora conga 7490 immortal genesis,0,$0,1,,4
214,robot aspiradora y trapeadora el salvador,0,$0,1,,4
215,robot aspiradora y trapeadora top,0,$0,1,,4
216,robot aspiradora y trapeadora sears,0,$0,1,,4
217,robot aspiradora y trapeadora profeco,0,$0,1,,4
218,robot aspiradora y trapeadora narwal,0,$0,1,,4
219,robot aspiradora y trapeadora mapeo,0,$0,1,,4
220,robot aspiradora y trapeadora makita,0,$0,1,,4
221,robot aspiradora y trapeadora xiaomi x20,0,$0,1,,4
222,robot aspiradora y trapeadora inalambrica,0,$0,1,,4
223,aspiradora robot xiaomi guatemala,0,$0,1,,4
224,aspiradora robot xiaomi 5000 pa,0,$0,1,,4
225,aspiradora robot xiaomi c108 blanco,0,$0,1,,4
226,aspiradora robot xiaomi vacuum e10 4000pa 2600mah 220v color negro,0,$0,1,,4
227,accesorios para aspiradora robot xiaomi,0,$0,1,,4
228,mopa para aspiradora robot xiaomi,0,$0,1,,4
229,aspiradora robot xiaomi vacuum s40 bhr084aeu 10000 pa blanco,0,$0,1,,4
230,aspiradora robot xiaomi lydsto g1 blanca,0,$0,1,,4
231,aspiradora robot xiaomi s20 vs s20 plus,0,$0,1,,4
232,aspiradora robot xiaomi e10 vs s20,0,$0,1,,4
233,aspiradora robot xiaomi hot sale,0,$0,1,,4
234,aspiradora robot xiaomi s20 45w bivolt negro,0,$0,1,,4
235,aspiradora robot xiaomi vacuum s40 ov81,0,$0,1,,4
236,aspiradora robot xiaomi e5 25w bivolt negro,0,$0,1,,4
237,mejores robot aspiradora y trapeadora 2025 colombia,0,$0,1,,4
238,robot aspiradora y trapeadora alkomprar,0,$0,1,,4
239,robot aspiradora y trapeadora eufy omni c20,0,$0,1,,4
240,robot aspiradora y trapeadora con camara,0,$0,1,,4
241,robot aspiradora y trapeadora mejores,0,$0,1,,4
242,robot aspiradora y trapeadora compatible con alexa,0,$0,1,,4
243,robot aspiradora y trapeadora aiwa,0,$0,1,,4
244,robot aspiradora y trapeadora top 10,0,$0,1,,4
245,robot aspiradora y trapeadora economica,0,$0,1,,4
246,robot aspiradora kobold,0,$0,1,,12
247,robot aspiradora lanix,0,$0,1,,12
248,cual es la mejor robot aspiradora de xiaomi,0,$0,1,,4
249,robot aspiradora femmto,0,$0,1,,12
250,aspiradora robot aspiradora robot,0,$0,1,,4
251,robot aspiradora betterware,0,$0,1,,12
252,robot aspiradora quito,0,$0,1,,12
253,robot aspiradora roomba 692 con conexión wi fi,0,$0,1,,4
254,robot aspiradora alberca,0,$0,1,,12
255,robot aspiradora gadnic z700,0,$0,1,,4
256,robot aspiradora conga 990,0,$0,1,,4
257,robot aspiradora vorwerk,0,$0,1,,12
258,robot aspiradora greenworks,0,$0,1,,12
259,robot aspiradora bissell,0,$0,1,,12
260,robot aspiradora vileda precio,0,$0,1,,4
261,donde comprar aspiradora robot xiaomi,0,$0,1,,4
262,bolsas para aspiradora robot xiaomi,0,$0,1,,4
263,aspiradora robot xiaomi barre y trapea,0,$0,1,,4
264,aspiradora robot xiaomi e10 b112,0,$0,1,,4
265,aspiradora robot xiaomi vacuum 10,0,$0,1,,4
266,como resetear aspiradora robot xiaomi,0,$0,1,,4
267,diferencia entre aspiradora robot xiaomi e5 y e10,0,$0,1,,4
268,aspiradora robot xiaomi no funciona,0,$0,1,,4
269,aspiradora robot xiaomi vs gadnic,0,$0,1,,4
270,aspiradora robot xiaomi 3 en 1,0,$0,1,,4
271,aspiradora robot xiaomi claro,0,$0,1,,4
272,aspiradora robot xiaomi alkomprar,0,$0,1,,4
273,aspiradora robot xiaomi amazon,0,$0,1,,4
274,aspiradora robot xiaomi x20 opiniones,0,$0,1,,4
275,aspiradora robot xiaomi s20 trapea,0,$0,1,,4
276,aspiradora robot xiaomi lydsto r1d,0,$0,1,,4
277,aspiradora robot xiaomi e 5,0,$0,1,,4
278,aspiradora robot xiaomi con mapeo,0,$0,1,,4
279,aspiradora robot xiaomi homecenter,0,$0,1,,4
280,aspiradora robot xiaomi falabella chile,0,$0,1,,4
281,robot aspiradora recargable marca onoff precio,0,$0,1,,4
282,cepillo de robot aspiradora v3,0,$0,1,,4
283,robot aspiradora 1 s,0,$0,1,,4
284,mejor robot aspiradora y fregadora,0,$0,1,,4
285,mejor robot aspiradora xiaomi calidad precio,0,$0,1,,4
286,robot aspiradora venezuela,0,$0,1,,12
287,robot aspiradora para exterior,0,$0,1,,4
288,robot aspiradora de alberca,0,$0,1,,4
289,robot aspiradora 2026,0,$0,1,,12
290,robot aspiradora jardin,0,$0,1,,12
291,robot aspiradora nelora,0,$0,1,,12
292,robot aspiradora caca de perro,0,$0,1,,4
293,como elegir robot aspiradora,0,$0,1,,4
294,robot aspiradora que trapea,0,$0,1,,4
295,robot aspiradora finlandek,0,$0,1,,12
296,robot aspiradora medidas,0,$0,1,,12
297,robot aspiradora híbrido eufy clean l60,0,$0,1,,4
298,robot aspiradora tp link,0,$0,1,,4
299,robot aspiradora trapeadora duo 990 wifi comentarios,0,$0,1,,4
300,robot aspiradora y trapeadora ilife,0,$0,1,,4
301,robot aspiradora y trapeadora ranking,0,$0,1,,4
302,robot aspiradora y trapeadora dreame x50 ultra,0,$0,1,,4
303,robot aspiradora y trapeadora osoji d1000,0,$0,1,,4
304,robot aspiradora y trapeadora midea,0,$0,1,,4
305,robot aspiradora y trapeadora xiaomi e5,0,$0,1,,4
306,robot aspiradora y trapeadora reseñas,0,$0,1,,4
307,robot aspiradora y trapeadora kalley,0,$0,1,,4
308,robot aspiradora y trapeadora peugeot,0,$0,1,,4
309,robot aspiradora y trapeadora eureka,0,$0,1,,4
310,robot aspiradora y trapeadora barato,0,$0,1,,4
311,robot aspiradora y trapeadora piso flotante,0,$0,1,,4
312,robot aspiradora y trapeadora ezviz,0,$0,1,,4
313,aspiradora robot xiaomi aspira y trapea,0,$0,1,,4
314,aspiradora robot xiaomi wifi,0,$0,1,,4
315,aspiradora robot xiaomi modelos,0,$0,1,,4
316,aspiradora robot xiaomi x 20,0,$0,1,,4
317,aspiradora robot xiaomi x20 max opiniones,0,$0,1,,4
318,liquido para aspiradora robot xiaomi,0,$0,1,,4
319,aspiradora robot xiaomi comentarios,0,$0,1,,4
320,aspiradora robot xiaomi app,0,$0,1,,4
321,aspiradora robot xiaomi o osoji,0,$0,1,,4
322,aspiradora robot xiaomi cuotas sin interes,0,$0,1,,4
323,robot aspiradora y trapeadora steren,0,$0,1,,4
324,mejor robot aspiradora para parquet,0,$0,1,,4
325,robot aspiradora mas potente,0,$0,1,,4
326,cargador para robot aspiradora,0,$0,1,,4
327,robot aspiradora goofy,0,$0,1,,12
328,robot aspiradora que se limpia sola,0,$0,1,,4
329,robot aspiradora que baja escaleras,0,$0,1,,4
330,robot aspiradora autolimpiante,0,$0,1,,12
331,robot aspiradora iroso,0,$0,1,,12
332,robot aspiradora gadnic ac800,0,$0,1,,4
333,robot aspiradora vodafone,0,$0,1,,12
334,robot aspiradora xiaomi 5,0,$0,1,,4
335,robot aspiradora 3 en 1 total cleaning,0,$0,1,,4
336,robot aspiradora de samsung,0,$0,1,,4
337,robot aspiradora y trapeadora mexico,0,$0,1,,4
338,robot aspiradora y trapeadora wi fi steren,0,$0,1,,4
339,xiaomi robot aspiradora mi 3c blanco,0,$0,1,,4
340,aspiradora robot xiaomi 2025,0,$0,1,,4
341,aspiradora robot xiaomi autolimpiante,0,$0,1,,4
342,aspiradora robot xiaomi panama,0,$0,1,,4
343,como vincular aspiradora robot xiaomi,0,$0,1,,4
344,aspiradora robot xiaomi e5 review,0,$0,1,,4
345,robot aspiradora roomba 405,0,$0,1,,4
346,aspiradora robot xiaomi blanca vacuum e10 eu,0,$0,1,,4
347,kit de accesorios para aspiradora robot xiaomi s10,0,$0,1,,4
348,aspiradora robot xiaomi 25w,0,$0,1,,4
349,robot aspiradora 18w wrb rollen100,0,$0,1,,4
350,robot aspiradora y trapeador ia 8000,0,$0,1,,4
351,robot aspiradora rcv 1 karcher,0,$0,1,,4
352,como usar robot aspiradora,0,$0,1,,4
353,robot aspiradora recomendaciones,0,$0,1,,12
354,robot aspiradora exito,0,$0,1,,12
355,robot aspiradora blanco,0,$0,1,,12
356,robot aspiradora ingco,0,$0,1,,12
357,robot aspiradora fregadora industrial,0,$0,1,,4
358,robot aspiradora lydsto,0,$0,1,,12
359,robot aspiradora wall e,0,$0,1,,4
360,robot aspiradora y trapeadora fika,0,$0,1,,4
361,robot aspiradora y trapeadora karcher,0,$0,1,,4
362,robot aspiradora y trapeadora lydsto,0,$0,1,,4
363,robot aspiradora yelmo trapeadora inteligente mopa smart as 7070,0,$0,1,,4
364,robot aspiradora y trapeadora con autovaciado,0,$0,1,,4
365,robot aspiradora y trapeadora ninja,0,$0,1,,4
366,robot aspiradora y trapeadora en argentina,0,$0,1,,4
367,aspiradora robot xiaomi vacuum e5 trapea y aspira color blanco,0,$0,1,,4
368,aspiradora robot xiaomi diferencias,0,$0,1,,4
369,aspiradora robot xiaomi paris,0,$0,1,,4
370,aspiradora robot xiaomi laser,0,$0,1,,4
371,aspiradora robot xiaomi t12,0,$0,1,,4
372,aspiradora robot xiaomi costa rica,0,$0,1,,4
373,aspiradora robot xiaomi vacuum e5 aspira y trapea color negro,0,$0,1,,4
374,mejor robot aspiradora y trapeadora colombia,0,$0,1,,4
375,robot aspiradora y trapeador shark,0,$0,1,,4
376,robot aspiradora conga 999,0,$0,1,,4
377,nombres para robot aspiradora,0,$0,1,,4
378,robot aspiradora k10,0,$0,1,,12
379,robot aspiradora homekit,0,$0,1,,12
380,robot aspiradora shark matrix,0,$0,1,,4
381,robot aspiradora fregona xiaomi,0,$0,1,,4
382,robot aspiradora valor,0,$0,1,,12
383,robot aspiradora shein,0,$0,1,,12
384,robot aspiradora sin fregado,0,$0,1,,4
385,robot aspiradora vacuum e5,0,$0,1,,4
386,robot aspiradora reddit,0,$0,1,,12
387,mueble para robot aspiradora,0,$0,1,,4
388,robot aspiradora brazo,0,$0,1,,12
389,robot aspiradora pragmata,0,$0,1,,12
390,robot aspiradora vacuum x20,0,$0,1,,4
391,robot aspiradora y trapeadora irobot,0,$0,1,,4
392,que robot aspiradora trapeadora comprar,0,$0,1,,4
393,robot aspiradora y trapeadora falabella,0,$0,1,,4
394,robot aspiradora y trapeadora 360,0,$0,1,,4
395,robot aspiradora y trapeadora medellin,0,$0,1,,4
396,aspiradora robot xiaomi e10 b112 35w bivolt blanco,0,$0,1,,4
397,aspiradora robot xiaomi reseña,0,$0,1,,4
398,aspiradora robot xiaomi 20000 pa 5 pro,0,$0,1,,4
399,aspiradora robot xiaomi aliexpress,0,$0,1,,4
400,que aspiradora robot xiaomi es mejor,0,$0,1,,4
401,donde arreglar aspiradora robot xiaomi,0,$0,1,,4
402,xiaomi aspiradora robot xiaomi,0,$0,1,,4
403,aspiradora robot xiaomi s20 y s40,0,$0,1,,4
404,como funciona aspiradora robot xiaomi,0,$0,1,,4
405,aspiradora robot xiaomi s40c blanca 5000 pa,0,$0,1,,4
406,aspiradora robot xiaomi vacuum h40 220v,0,$0,1,,4
407,aspiradora robot xiaomi se apaga solo,0,$0,1,,4
408,robot aspiradora s40c xiaomi 61122,0,$0,1,,4
409,aspiradora robot xiaomi la mejor,0,$0,1,,4
410,robot aspiradora conga 7490 immortal x treme,0,$0,1,,4
411,robot aspiradora recargable smart ximeijie,0,$0,1,,4
412,robot aspiradora conga 9590,0,$0,1,,4
413,mejor robot aspiradora sin cable calidad precio,0,$0,1,,4
414,mejor robot aspiradora y trapeadora amazon,0,$0,1,,4
415,robot aspiradora xiaomi quito,0,$0,1,,4
416,aspiradora robot xiaomi e5 25w bivolt blanco,0,$0,1,,4
417,robot aspiradora no funciona,0,$0,1,,4
418,robot aspiradora wallapop,0,$0,1,,12
419,robot aspiradora sin wifi,0,$0,1,,4
420,robot aspiradora insignia,0,$0,1,,12
421,robot aspiradora gollo,0,$0,1,,12
422,robot aspiradora kyvol,0,$0,1,,12
423,robot aspiradora daka,0,$0,1,,12
424,robot aspiradora leonisa,0,$0,1,,12
425,robot aspiradora ingles,0,$0,1,,12
426,robot aspiradora jumbo,0,$0,1,,12
427,robot aspiradora y trapeadora duo d990 osoji,0,$0,1,,4
428,robot aspiradora y trapeadora usa,0,$0,1,,4
429,robot aspiradora y trapeadora aliexpress,0,$0,1,,4
430,robot aspiradora y trapeadora duo d990 review,0,$0,1,,4
431,robot aspiradora y trapeadora koblenz,0,$0,1,,4
432,robot aspiradora y trapeadora video,0,$0,1,,4
433,robot aspiradora y trapeadora con mapeo samsung,0,$0,1,,4
434,líquido de limpieza lozas para robot aspiradora roborock,0,$0,1,,4
435,cepillo para aspiradora robot xiaomi,0,$0,1,,4
436,filtro para aspiradora robot xiaomi,0,$0,1,,4
437,aspiradora robot xiaomi lydsto g4,0,$0,1,,4
438,aspiradora robot xiaomi s20 negro,0,$0,1,,4
439,aspiradora robot xiaomi lydsto g2,0,$0,1,,4
440,aspiradora robot xiaomi vacuum 20,0,$0,1,,4
441,diferencia entre aspiradora robot xiaomi s20 y s40,0,$0,1,,4
442,aspiradora robot xiaomi mi x10 plus color blanco,0,$0,1,,4
443,aspiradora robot xiaomi mijia,0,$0,1,,4
444,aspiradora robot xiaomi s20 pro,0,$0,1,,4
445,robot aspiradora sin fregasuelos,0,$0,1,,4
446,robot aspiradora 3 en 1 temu,0,$0,1,,4
447,aspiradora robot xiaomi vs irobot,0,$0,1,,4
448,aspiradora robot xiaomi s 40,0,$0,1,,4
449,aspiradora robot xiaomi s40c 55w bivolt blanco,0,$0,1,,4
450,aspiradora robot xiaomi ultimo modelo,0,$0,1,,4
451,robot aspiradora y trapeador xiaomi x20,0,$0,1,,4
452,mini aspiradora robot xiaomi,0,$0,1,,4
453,robot aspiradora novicompu,0,$0,1,,12
454,robot aspiradora kozfule,0,$0,1,,12
455,que marca de robot aspiradora es mejor,0,$0,1,,4
456,robot aspiradora ninja,0,$0,1,,12
457,robot aspiradora home depot,0,$0,1,,4
458,robot aspiradora hiraoka,0,$0,1,,12
459,robot aspiradora 6000pa,0,$0,1,,12
460,robot aspiradora ultra,0,$0,1,,12
461,robot aspiradora barredora,0,$0,1,,12
462,robot aspiradora outlet,0,$0,1,,12
463,robot aspiradora conga 8490,0,$0,1,,4
464,robot aspiradora home,0,$0,1,,12
465,robot aspiradora y trapeadora automatica,0,$0,1,,4
466,robot aspiradora y trapeadora grande,0,$0,1,,4
467,aspiradora robot xiaomi s10 aspira y trapea 45w,0,$0,1,,4
468,aspiradora robot xiaomi en chile,0,$0,1,,4
469,aspiradora robot xiaomi vacuum s40c eu white,0,$0,1,,4
470,aspiradora robot xiaomi liverpool,0,$0,1,,4
471,aspiradora robot xiaomi bhr6783eu e10 blanco,0,$0,1,,4
472,aspiradora robot xiaomi s40 review,0,$0,1,,4
473,aspiradora robot xiaomi mijia mop 3c enhanced blanca 220v,0,$0,1,,4
474,aspiradora robot xiaomi vacuum s20 negra 127v,0,$0,1,,4
475,robot aspiradora con wifi,0,$0,1,,4
476,mejor robot aspiradora y trapeadora 2024 mexico,0,$0,1,,4
477,robot aspiradora iberia opiniones,0,$0,1,,4
478,aspiradora robot xiaomi vacuum 5 pro,0,$0,1,,4
479,aspiradora robot xiaomi ktronix,0,$0,1,,4
480,robot aspiradora y trapeador con financiamiento amazon,0,$0,1,,4
481,robot aspiradora osoji dojo san 870,0,$0,1,,4
482,filtro para aspiradora robot xiaomi s10,0,$0,1,,4
483,robot aspiradora steren precio,0,$0,1,,4
484,robot aspiradora honduras,0,$0,1,,12
485,robot aspiradora ktronix,0,$0,1,,12
486,robot aspiradora dojo san 870,0,$0,1,,4
487,robot aspiradora k16,0,$0,1,,12
488,robot aspiradora filtro hepa,0,$0,1,,4
489,robot aspiradora agua,0,$0,1,,12
490,robot aspiradora krv205,0,$0,1,,12
491,robot aspiradora gama alta,0,$0,1,,4
492,robot aspiradora conga 9590 spin revolution ultra power,0,$0,1,,4
493,robot aspiradora el corte inglés,0,$0,1,,4
494,robot aspiradora y trapeadora xiaomi s10,0,$0,1,,4
495,robot aspiradora y trapeadora philco,0,$0,1,,4
496,robot aspiradora y trapeadora eufy x10 pro omni,0,$0,1,,4
497,robot aspiradora y trapeadora home depot,0,$0,1,,4
498,robot aspiradora y trapeadora lanix,0,$0,1,,4
499,aspiradora robot xiaomi g1,0,$0,1,,4
500,aspiradora robot xiaomi vacuum wet dry w20 eu,0,$0,1,,4
501,aspiradora robot xiaomi recomendada,0,$0,1,,4
502,aspiradora robot xiaomi e5 c108,0,$0,1,,4
503,ultima aspiradora robot xiaomi,0,$0,1,,4
504,aspiradora robot xiaomi s40 ov81 blanco,0,$0,1,,4
505,aspiradora robot xiaomi reddit,0,$0,1,,4
506,aspiradora robot xiaomi negra,0,$0,1,,4
507,aspiradora robot xiaomi bolivia,0,$0,1,,4
508,aspiradora robot xiaomi como funciona,0,$0,1,,4
509,aspiradora robot xiaomi autolimpieza,0,$0,1,,4
510,aspiradora robot xiaomi alfombra,0,$0,1,,4
511,robot aspiradora y trapeadora 2025,0,$0,1,,4
512,aspiradora robot xiaomi 10,0,$0,1,,4
513,aspiradora robot xiaomi con mopa,0,$0,1,,4
514,la mejor robot aspiradora y trapeadora,0,$0,1,,4
515,filtro aspiradora robot xiaomi x20,0,$0,1,,4
516,robot aspiradora xiaomi 10,0,$0,1,,4
517,robot aspiradora roomba 694,0,$0,1,,4
518,robot aspiradora lidar,0,$0,1,,12
519,robot aspiradora y trapeadora mejores marcas,0,$0,1,,4
520,robot aspiradora forocoches,0,$0,1,,12
521,robot aspiradora mini,0,$0,1,,12
522,robot aspiradora 10000 pa,0,$0,1,,4
523,robot aspiradora prettycare,0,$0,1,,12
524,robot aspiradora blu sens,0,$0,1,,4
525,detergente para robot aspiradora,0,$0,1,,4
526,robot aspiradora vacuum s20,0,$0,1,,4
527,robot aspiradora y trapeadora duo d990 opiniones,0,$0,1,,4
528,robot aspiradora y trapeadora best buy,0,$0,1,,4
529,robot aspiradora y trapeadora para mascotas,0,$0,1,,4
530,robot aspiradora y trapeadora gadnic z900,0,$0,1,,4
531,robot aspiradora y trapeadora sams,0,$0,1,,4
532,robot aspiradora y trapeadora target,0,$0,1,,4
533,robot aspiradora y trapeadora pongamoslo a prueba,0,$0,1,,4
534,aspiradora robot xiaomi mi x10 plus,0,$0,1,,4
535,aspiradora robot xiaomi ciudad del este,0,$0,1,,4
536,aspiradora robot xiaomi x20 chile,0,$0,1,,4
537,robot aspiradora xiaomi el corte inglés,0,$0,1,,4
538,como funciona la aspiradora robot xiaomi vacuum e5,0,$0,1,,4
539,aspiradora robot xiaomi no aspira,0,$0,1,,4
540,que aspiradora robot xiaomi comprar,0,$0,1,,4
541,aspiradora robot xiaomi lydsto g1 negra,0,$0,1,,4
542,aspiradora robot xiaomi robot vacuum e5 400 ml,0,$0,1,,4
543,bateria para aspiradora robot xiaomi vacuum,0,$0,1,,4
544,service aspiradora robot xiaomi uruguay,0,$0,1,,4
545,robot aspiradora recargable leonisa,0,$0,1,,4
546,robot aspiradora recargable onoff precio colombia,0,$0,1,,4
547,aspiradora robot xiaomi 5,0,$0,1,,4
548,filtro aspiradora robot xiaomi,0,$0,1,,4
549,mejor robot aspiradora calidad precio 2024,0,$0,1,,4
550,aspiradora robot xiaomi s20 knasta,0,$0,1,,4
551,aspiradora robot xiaomi knasta,0,$0,1,,4
552,aspiradora robot xiaomi vacuum 5,0,$0,1,,4
553,aspiradora robot xiaomi vs dreame,0,$0,1,,4
554,repuestos para robot aspiradora xiaomi,0,$0,1,,4
555,robot aspiradora y limpiadora,0,$0,1,,4
556,robot aspiradora honor,0,$0,1,,12
557,robot aspiradora pro 3 en 1,0,$0,1,,4
558,robot aspiradora laser,0,$0,1,,12
559,robot aspiradora homeviz,0,$0,1,,12
560,robot aspiradora klin home,0,$0,1,,4
561,robot aspiradora osoji 990,0,$0,1,,4
562,robot aspiradora nappo,0,$0,1,,12
563,robot aspiradora j7,0,$0,1,,12
564,robot aspiradora alcampo,0,$0,1,,12
565,pila para robot aspiradora,0,$0,1,,4
566,robot aspiradora y trapeadora tapo,0,$0,1,,4
567,robot aspiradora y trapeadora westinghouse,0,$0,1,,4
568,robot aspiradora y trapeadora vertical,0,$0,1,,4
569,robot aspiradora y trapeadora yelmo,0,$0,1,,4
570,robot aspiradora y trapeadora hiraoka,0,$0,1,,4
571,robot aspiradora y trapeadora bogota,0,$0,1,,4
572,robot aspiradora y trapeadora electron ba 10700 wifi,0,$0,1,,4
573,aspiradora robot xiaomi e 10,0,$0,1,,4
574,aspiradora robot xiaomi h40 220v blanco,0,$0,1,,4
575,aspiradora robot xiaomi x20 max color negro,0,$0,1,,4
576,aspiradora robot xiaomi s20 review,0,$0,1,,4
577,aspiradora robot xiaomi e5 negro eu c108,0,$0,1,,4
578,aspiradora robot xiaomi vacuum s20 negra 110v color negro,0,$0,1,,4
579,aspiradora robot xiaomi s20 amazon,0,$0,1,,4
580,aspiradora robot xiaomi no carga,0,$0,1,,4
581,aspiradora robot xiaomi s20 vs s40,0,$0,1,,4
582,aspiradora robot xiaomi e10 vs s10,0,$0,1,,4
583,robot aspiradora facil de hacer,0,$0,1,,4
584,robot aspiradora x 1,0,$0,1,,4
585,robot aspiradora 7000 pa,0,$0,1,,4
586,aspiradora robot xiaomi quito,0,$0,1,,4
587,aspiradora robot xiaomi fravega,0,$0,1,,4
588,aspiradora robot xiaomi bateria,0,$0,1,,4
589,aspiradora robot xiaomi s20 45w bivolt,0,$0,1,,4
590,robot aspiradora y trapeador xiaomi x20 max,0,$0,1,,4
591,robot aspiradora rodo,0,$0,1,,12
592,robot aspiradora xiaomi inalámbrica vacuum e10 eu,0,$0,1,,4
593,robot aspiradora y trapeadora ripley,0,$0,1,,4
594,robot aspiradora y trapeadora santo domingo,0,$0,1,,4
595,robot aspiradora y trapeadora marcas,0,$0,1,,4
596,robot aspiradora y trapeadora xiaomi x20 plus,0,$0,1,,4
597,robot aspiradora y trapeadora ava,0,$0,1,,4
598,robot aspiradora y trapeadora thorben,0,$0,1,,4
599,robot aspiradora y trapeadora yeedi,0,$0,1,,4
600,robot aspiradora y trapeadora conga,0,$0,1,,4
601,robot aspiradora y trapeadora xiaomi vacuum,0,$0,1,,4
602,robot aspiradora y trapeadora mascotas,0,$0,1,,4
603,robot aspiradora y trapeadora ecovacs,0,$0,1,,4
604,robot aspiradora y trapeadora en colombia,0,$0,1,,4
605,robot aspiradora y trapeadora marcas recomendadas,0,$0,1,,4
606,robot aspiradora guayaquil,0,$0,1,,12
607,robot aspiradora gatos,0,$0,1,,12
608,robot aspiradora no carga,0,$0,1,,4
609,robot aspiradora nombre,0,$0,1,,12
610,robot aspiradora home e ultra erb40,0,$0,1,,4
611,filtros para robot aspiradora,0,$0,1,,4
612,robot aspiradora unnic,0,$0,1,,12
613,robot aspiradora que barre y trapea,0,$0,1,,4
614,robot aspiradora navitech,0,$0,1,,12
615,robot aspiradora bueno,0,$0,1,,12
616,aspiradora robot xiaomi e10 b112 35w bivolt,0,$0,1,,4
617,aspiradora robot xiaomi autovaciado,0,$0,1,,4
618,como emparejar aspiradora robot xiaomi,0,$0,1,,4
619,aspiradora robot xiaomi roborock,0,$0,1,,4
620,aspiradora robot xiaomi media markt,0,$0,1,,4
621,como conectar aspiradora robot xiaomi a wifi,0,$0,1,,4
622,aspiradora robot xiaomi manual,0,$0,1,,4
623,aspiradora robot xiaomi blanca,0,$0,1,,4
624,aspiradora robot xiaomi 20 pro,0,$0,1,,4
625,robot aspiradora xiaomi vacuum e5 white opiniones,0,$0,1,,4
626,aspiradora robot xiaomi tupi,0,$0,1,,4
627,aspiradora robot xiaomi dreame vacuum cleaner d10s rls3l,0,$0,1,,4
628,aspiradora robot xiaomi s40 eu,0,$0,1,,4
629,bolsa aspiradora robot xiaomi,0,$0,1,,4
630,robot aspiradora recargable onoff start,0,$0,1,,4
631,robot aspiradora y trapeadora temu,0,$0,1,,4
632,robot aspiradora 1s,0,$0,1,,12
633,mejor robot aspiradora y trapeadora 2025 argentina,0,$0,1,,4
634,mejor robot aspiradora y trapeadora profeco,0,$0,1,,4
635,mejor robot aspiradora fregadora sin cable,0,$0,1,,4
636,robot aspiradora abierto ahora,0,$0,1,,4
637,aspiradora robot xiaomi s20 45w bivolt blanco,0,$0,1,,4
638,xiaomi robot aspiradora y fregasuelos,0,$0,1,,4
639,robot aspiradora total,0,$0,1,,12
640,robot aspiradora irobot roomba essential q,0,$0,1,,4
641,robot aspiradora bueno y barato,0,$0,1,,4
642,robot aspiradora on city,0,$0,1,,4
643,robot aspiradora 4 en 1,0,$0,1,,4
644,robot aspiradora koblenz der 601,0,$0,1,,4
645,robot aspiradora ultenic,0,$0,1,,12
646,robot aspiradora karcher rcv1,0,$0,1,,4
647,robot aspiradora vacuum e10,0,$0,1,,4
648,robot aspiradora eufy x10 pro omni 8000pa,0,$0,1,,4
649,robot aspiradora conga 7690,0,$0,1,,4
650,robot aspiradora bagotte,0,$0,1,,12
651,robot aspiradora inteligente 3 en 1 x9 turbo pro,0,$0,1,,4
652,robot aspiradora mijia 400ml,0,$0,1,,4
653,robot aspiradora marca onoff precio,0,$0,1,,4
654,robot aspiradora y trapeadora shein,0,$0,1,,4
655,robot aspiradora y trapeadora robot,0,$0,1,,4
656,robot aspiradora y trapeadora la mejor,0,$0,1,,4
657,robot aspiradora y trapeadora buena y barata,0,$0,1,,4
658,robot aspiradora y trapeadora pricesmart,0,$0,1,,4
659,robot aspiradora y trapeadora osoji duo d990 opiniones,0,$0,1,,4
660,robot aspiradora y trapeadora con base,0,$0,1,,4
661,robot aspiradora y trapeadora con deposito,0,$0,1,,4
662,aspiradora robot xiaomi walmart,0,$0,1,,4
663,aspiradora robot xiaomi e10 aspira y trapea 35w,0,$0,1,,4
664,aspiradora robot xiaomi vacuum s40 pro,0,$0,1,,4
665,aspiradora robot xiaomi temu,0,$0,1,,4
666,aspiradora robot xiaomi mercado libre,0,$0,1,,4
667,robot aspiradora funciona,0,$0,1,,12
668,robot aspiradora robot,0,$0,1,,12
669,aspiradora robot xiaomi h40,0,$0,1,,4
670,aspiradora robot xiaomi s10 vs s20,0,$0,1,,4
671,mejor robot aspiradora sin cable,0,$0,1,,4
672,robot aspiradora dreame 9,0,$0,1,,4
673,paños para robot aspiradora,0,$0,1,,4
674,jabon para robot aspiradora,0,$0,1,,4
675,robot aspiradora uso rudo,0,$0,1,,4
676,robot aspiradora 2 en 1,0,$0,1,,4
677,robot aspiradora wyze,0,$0,1,,12
678,robot aspiradora sin camara,0,$0,1,,4
679,robot aspiradora ihome,0,$0,1,,12
680,robot aspiradora no aspira,0,$0,1,,4
681,robot aspiradora osoji d990 wifi opiniones,0,$0,1,,4
682,robot aspiradora trapeadora xiaomi s40c lds 5000pa alexa blanco,0,$0,1,,4
683,robot aspiradora y trapeadora suono,0,$0,1,,4
684,robot aspiradora y trapeadora philips,0,$0,1,,4
685,robot aspiradora y trapeadora para perros,0,$0,1,,4
686,robot aspiradora y trapeadora daewoo,0,$0,1,,4
687,robot aspiradora y trapeadora inteligente,0,$0,1,,4
688,robot aspiradora y trapeadora d1,0,$0,1,,4
689,robot aspiradora y trapeadora ktronix,0,$0,1,,4
690,robot aspiradora y trapeadora liectroux,0,$0,1,,4
691,robot aspiradora y trapeadora republica dominicana,0,$0,1,,4
692,aspiradora robot xiaomi s40 us,0,$0,1,,4
693,como cargar aspiradora robot xiaomi,0,$0,1,,4
694,aspiradora robot xiaomi s40 opiniones,0,$0,1,,4
695,aspiradora robot xiaomi nissei,0,$0,1,,4
696,aspiradora robot xiaomi s40c vs e10,0,$0,1,,4
697,aspiradora robot xiaomi rosario,0,$0,1,,4
698,aspiradora robot xiaomi e20,0,$0,1,,4
699,aspiradora robot xiaomi ecuador,0,$0,1,,4
700,como configurar aspiradora robot xiaomi s20,0,$0,1,,4
701,aspiradora robot xiaomi vacuum s40 bhr084aeu 10000 pa,0,$0,1,,4
702,aspiradora robot xiaomi vacuum s20 trapea y aspira color blanco,0,$0,1,,4
703,aspiradora robot xiaomi 5 pro,0,$0,1,,4
704,mejor robot aspiradora 2025 calidad precio,0,$0,1,,4
705,mejor robot aspiradora fregasuelos,0,$0,1,,4
706,aspiradora robot xiaomi e5 25w bivolt,0,$0,1,,4
707,xiaomi robot aspiradora mi 3c,0,$0,1,,4
708,robot aspiradora y trapeadora deerma,0,$0,1,,4
709,robot aspiradora y trapeadora sansei,0,$0,1,,4
710,robot aspiradora y trapeadora samsung powerbot e,0,$0,1,,4
711,dreame l10s pro ultra heat robot aspiradora y trapeadora,0,$0,1,,4
712,robot aspiradora y trapeadora autolimpiante,0,$0,1,,4
713,osoji duo 990 robot aspiradora y trapeadora color blanco,0,$0,1,,4
714,robot aspiradora y trapeadora honduras,0,$0,1,,4
715,robot aspiradora y trapeadora con estacion,0,$0,1,,4
716,robot aspiradora y trapeadora sube escaleras,0,$0,1,,4
717,robot aspiradora y trapeadora alkosto,0,$0,1,,4
718,robot aspiradora y trapeadora review,0,$0,1,,4
719,robot aspiradora y trapeadora xiaomi x20 max,0,$0,1,,4
720,robot aspiradora 4000pa,0,$0,1,,12
721,robot aspiradora juguete,0,$0,1,,12
722,robot aspiradora negro,0,$0,1,,12
723,robot aspiradora santo domingo,0,$0,1,,4
724,robot aspiradora k235,0,$0,1,,12
725,robot aspiradora cual es mejor,0,$0,1,,4
726,robot aspiradora trapeadora duo d990 wifi,0,$0,1,,4
727,robot aspiradora james,0,$0,1,,12
728,liquido para robot aspiradora,0,$0,1,,4
729,robot aspiradora electrolux erb44,0,$0,1,,4
730,robot aspiradora 360 s8 plus,0,$0,1,,4
731,robot aspiradora conga 9990,0,$0,1,,4
732,robot aspiradora naldo,0,$0,1,,12
733,robot aspiradora vacuum cleaner,0,$0,1,,4
734,limpiador para robot aspiradora,0,$0,1,,4
735,robot aspiradora sodimac,0,$0,1,,12
736,aspiradora robot xiaomi lite,0,$0,1,,4
737,aspiradora robot xiaomi mjstg1,0,$0,1,,4
738,aspiradora robot xiaomi s20 argentina,0,$0,1,,4
739,robot aspiradora xiaomi vacuum mop 1c,0,$0,1,,4
740,aspiradora robot xiaomi black friday,0,$0,1,,4
741,aspiradora robot xiaomi paraguay,0,$0,1,,4
742,aspiradora robot xiaomi pro,0,$0,1,,4
743,como funciona la aspiradora robot xiaomi s20,0,$0,1,,4
744,aplicacion para aspiradora robot xiaomi,0,$0,1,,4
745,aspiradora robot xiaomi vs electrolux,0,$0,1,,4
746,aspiradora robot xiaomi dreame,0,$0,1,,4
747,robot aspiradora recargable marca onoff,0,$0,1,,4
748,robot aspiradora xiaomi sin cable,0,$0,1,,4
749,ilife a12 pro robot aspiradora y trapeador combo,0,$0,1,,4
750,ilife a12 pro robot aspiradora y trapeador con estación,0,$0,1,,4
751,robot aspiradora y trapeador con navegación lidar,0,$0,1,,4
752,robot aspiradora xiaomi inalámbrica vacuum x20 max,0,$0,1,,4
753,robot aspiradora y trapeadora cual comprar,0,$0,1,,4
754,robot aspiradora y trapeadora ropvacnic,0,$0,1,,4
755,robot aspiradora y trapeadora exito,0,$0,1,,4
756,robot aspiradora y trapeadora coppel,0,$0,1,,4
757,robot aspiradora trapeadora xiaomi s40 lds 10000pa alexa blanco,0,$0,1,,4
758,robot aspiradora limpiadora,0,$0,1,,12
759,robot aspiradora hipercor,0,$0,1,,12
760,robot aspiradora fregadora xiaomi,0,$0,1,,4
761,robot aspiradora koblenz r 901 gamma white,0,$0,1,,4
762,robot aspiradora br151,0,$0,1,,12
763,robot aspiradora no enciende,0,$0,1,,4
764,robot aspiradora redonda,0,$0,1,,12
765,robot aspiradora sin internet,0,$0,1,,4
766,robot aspiradora silvercrest,0,$0,1,,12
767,robot aspiradora xiaomi inalámbrica e5 opiniones,0,$0,1,,4
768,aspiradora robot xiaomi vs midea,0,$0,1,,4
769,como programar aspiradora robot xiaomi vacuum e5,0,$0,1,,4
770,aspiradora robot xiaomi lydsto,0,$0,1,,4
771,aspiradora robot xiaomi brasil,0,$0,1,,4
772,aspiradora robot xiaomi repuestos,0,$0,1,,4
773,como usar aspiradora robot xiaomi e10,0,$0,1,,4
774,aspiradora robot xiaomi 3c,0,$0,1,,4
775,aspiradora robot xiaomi con base,0,$0,1,,4
776,aspiradora robot xiaomi oferta,0,$0,1,,4
777,filtro de vacuum xiaomi robot aspiradora,0,$0,1,,4
778,la mejor aspiradora robot xiaomi,0,$0,1,,4
779,mejor robot aspiradora y trapeadora 2025 calidad precio,0,$0,1,,4
780,filtro aspiradora robot xiaomi s20,0,$0,1,,4
781,aspiradora robot xiaomi mop 2 ultra,0,$0,1,,4
782,xiaomi mijia robot aspiradora 3c pro edición mejorada 5000pa,0,$0,1,,4
783,robot aspiradora y trapeadora wi fi,0,$0,1,,4
784,robot aspiradora y trapeadora con agua,0,$0,1,,4
785,robot aspiradora y trapeadora autovaciado,0,$0,1,,4
786,robot aspiradora y trapeadora alexa,0,$0,1,,4
787,robot aspiradora y trapeadora osoji duo,0,$0,1,,4
788,robot aspiradora y trapeadora 3 en 1,0,$0,1,,4
789,robot aspiradora y trapeadora manual,0,$0,1,,4
790,robot aspiradora redflag,0,$0,1,,12
791,robot aspiradora ropvacnic,0,$0,1,,12
792,bateria para robot aspiradora,0,$0,1,,4
793,robot aspiradora usado,0,$0,1,,12
794,robot aspiradora roomba 690,0,$0,1,,4
795,robot aspiradora g20,0,$0,1,,12
796,robot aspiradora grande,0,$0,1,,12
797,robot aspiradora 3d,0,$0,1,,12
798,robot aspiradora video,0,$0,1,,12
799,aspiradora robot xiaomi vacuum s20 white,0,$0,1,,4
800,aspiradora robot xiaomi g20,0,$0,1,,4
801,aspiradora robot xiaomi ripley,0,$0,1,,4
802,aspiradora robot xiaomi h40 blanco,0,$0,1,,4
803,aspiradora robot xiaomi x20 max chile,0,$0,1,,4
804,aspiradora robot xiaomi s20 vs s40c,0,$0,1,,4
805,bateria de aspiradora robot xiaomi,0,$0,1,,4
806,aspiradora robot xiaomi x20 plus chile,0,$0,1,,4
807,aspiradora robot xiaomi m40,0,$0,1,,4
808,aspiradora robot xiaomi cuotas,0,$0,1,,4
809,aspiradora robot xiaomi h40 opiniones,0,$0,1,,4
810,aspiradora robot xiaomi el salvador,0,$0,1,,4
811,aspiradora robot xiaomi cyber monday,0,$0,1,,4
