No,Keyword,Search Intent,Search Volume,CPC,Paid Difficulty,SEO Difficulty
1,"robot aspiradora y trapeadora","transactional","3.600","$696,24","100","11"
2,"robot aspiradora","transactional","27.100","$652,73","100","11"
3,"aspiradora robot xiaomi","transactional","2.900","$348,12","100","13"
4,"robot aspiradora samsung","transactional","1.600","$623,72","100","18"
5,"robot aspiradora atma","transactional","1.000","$246,59","100","12"
6,"robot aspiradora xiaomi","transactional","390","$449,66","100","13"
7,"robot aspiradora electrolux","transactional, navigational","320","$246,59","100","14"
8,"robot aspiradora precio","transactional","260","$145,05","100","12"
9,"aspiradora robot xiaomi e10","transactional","260","$319,11","100","11"
10,"aspiradora robot xiaomi vacuum s20","transactional","260","$348,12","100","18"
11,"aspiradora robot xiaomi s20","transactional","260","$406,14","99","18"
12,"aspiradora robot xiaomi vacuum e5","transactional","260","$420,65","100","18"
13,"aspiradora robot gadnic 4 modos de limpieza","transactional, navigational","210","$1.000,85","100","12"
14,"robot aspiradora gadnic","transactional, navigational","170","$536,69","100","10"
15,"robot aspiradora conga","transactional","170","$406,14","100","12"
16,"aspiradora robot ultracomb as 6061","transactional, navigational, commercial","170","$145,05","100","13"
17,"robot aspiradora en chile",null,"140","$253,84","99","35"
18,"aspiradora robot xiaomi x10","transactional","140","$246,59","100","19"
19,"aspiradora robot xiaomi s10","transactional","140","$333,62","100","16"
20,"aspiradora robot xiaomi e10 eu","transactional","140","$522,18","100","36"
21,"aspiradora y trapeadora robot 28w sansei","transactional","110","$304,61","94","14"
22,"robot aspiradora karcher","transactional","110","$319,11","100","14"
23,"robot aspiradora philips","transactional, navigational","110","$652,73","100","13"
24,"aspiradora robot xiaomi e5","transactional","110","$217,58","100","23"
25,"robot aspiradora opiniones",null,"90","$688,99","100","44"
26,"aspiradora robot xiaomi s20 plus",null,"90","$551,19","100","36"
27,"robot aspiradora carrefour",null,"70","$304,61","100","44"
28,"robot aspiradora inteligente",null,"70","$659,98","100","44"
29,"robot aspiradora xiaomi modelos",null,"50","$340,87","100","36"
30,"aspiradora robot 12 cuotas sin interés",null,"50","$1.102,38","100","36"
31,"aspiradora robot z900",null,"50","$2.154,00","100","44"
32,"aspiradora y trapeadora robot xiaomi",null,"50","$333,62","100","36"
33,"aspiradora robot barredora y trapeadora con filtro hepa sl rvc013",null,"40","$601,96","100","36"
34,"aspiradora robot trapeadora inteligente mopa yelmo as 7070",null,"40","$0,00","100","36"
35,"robot aspiradora yelmo",null,"40","$464,16","100","44"
36,"aspiradora robot gadnic 5 modos",null,"40","$1.950,93","100","36"
37,"aspiradora robot opiniones argentina",null,"40","$1.240,18","100","36"
38,"aspiradora robot ultracomb as 6061 como funciona",null,"40","$0,00","21","12"
39,"robot aspiradora oferta",null,"40","$529,43","100","44"
40,"aspiradora robot xiaomi x20",null,"40","$340,87","100","36"
41,"aspiradora robot xiaomi vacuum mop 2",null,"40","$181,31","100","36"
42,"aspiradora robot xiaomi vacuum e10",null,"40","$594,71","100","36"
43,"robot aspiradora roomba",null,"30","$456,91","100","44"
44,"robot aspiradora smartlife",null,"30","$348,12","100","44"
45,"aspiradora robot xiaomi x20 plus",null,"30","$384,38","100","36"
46,"aspiradora robot xiaomi vacuum s20 negra 220v",null,"30","$0,00","1","5"
47,"robot aspiradora y trapeadora fravega",null,"20","$623,72","100","36"
48,"robot aspiradora y trapeadora argentina",null,"20","$420,65","100","36"
49,"mejor robot aspiradora y trapeadora 2025",null,"20","$1.900,16","100","36"
50,"aspiradora robot que sube escaleras",null,"20","$348,12","100","36"
51,"aspiradora robot que tener en cuenta",null,"20","$1.000,85","100","36"
52,"robot aspiradora lg",null,"20","$319,11","100","44"
53,"robot aspiradora barato",null,"20","$543,94","100","44"
54,"robot aspiradora midea",null,"20","$253,84","100","44"
55,"robot aspiradora dibujo",null,"20","$0,00","1","13"
56,"robot aspiradora ezviz",null,"20","$232,08","100","44"
57,"robot aspiradora ilife",null,"20","$377,13","100","44"
58,"robot aspiradora de piscina",null,"20","$0,00","100","36"
59,"robot aspiradora fravega",null,"20","$362,63","100","44"
60,"robot aspiradora dreame",null,"20","$333,62","100","44"
61,"robot aspiradora gadnic z900",null,"20","$7.020,43","100","36"
62,"robot aspiradora peugeot",null,"20","$398,89","100","44"
63,"robot aspiradora mercado libre",null,"20","$0,00","100","36"
64,"aspiradora robot xiaomi s40c",null,"20","$369,88","100","36"
65,"aspiradora robot xiaomi x20 pro",null,"20","$464,16","100","36"
66,"aspiradora robot xiaomi vacuum s40",null,"20","$710,75","100","36"
67,"aspiradora robot xiaomi vacuum x20 pro",null,"20","$514,93","100","36"
68,"aspiradora robot xiaomi chile",null,"20","$290,10","83","30"
69,"aspiradora robot xiaomi vacuum s20 negra",null,"20","$471,41","100","36"
70,"robot aspiradora y trapeadora gadnic",null,"10","$1.298,20","100","36"
71,"mejor robot aspiradora y trapeadora 2024",null,"10","$0,00","1","5"
72,"mejor robot aspiradora y trapeadora argentina",null,"10","$0,00","100","36"
73,"aspiradora y trapeadora robot fika sense",null,"10","$0,00","100","36"
74,"robot aspiradora y trapeadora liverpool",null,"10","$0,00","1","5"
75,"robot aspiradora y trapeadora ursus trotter",null,"10","$0,00","1","5"
76,"aspiradora y trapeadora robot fika smart",null,"10","$558,44","100","36"
77,"robot aspiradora y trapeadora industrial",null,"10","$0,00","1","5"
78,"robot aspiradora y trapeadora osoji d1000pro",null,"10","$0,00","1","5"
79,"robot aspiradora y trapeadora mercado libre",null,"10","$326,36","100","36"
80,"samsung aspiradora y trapeadora robot 2 en 1 wifi",null,"10","$0,00","71","27"
81,"robot aspiradora y trapeadora huawei",null,"10","$0,00","100","36"
82,"robot aspiradora y trapeadora xiaomi s20",null,"10","$0,00","100","36"
83,"robot aspiradora xiaomi s20",null,"10","$311,86","100","36"
84,"aspiradora robot 18 cuotas",null,"10","$0,00","56","23"
85,"aspiradora robot 18 cuotas sin interés",null,"10","$0,00","100","36"
86,"aspiradora robot 3000 pa",null,"10","$957,33","100","36"
87,"aspiradora robot roomba 621",null,"10","$0,00","1","5"
88,"aspiradora robot roomba 675",null,"10","$0,00","1","5"
89,"aspiradora robot roomba 614",null,"10","$0,00","100","36"
90,"aspiradora robot roomba 677",null,"10","$0,00","1","5"
91,"aspiradora robot osoji 990 opiniones",null,"10","$0,00","1","5"
92,"aspiradora robot v1 9.8 w insigna opiniones",null,"10","$0,00","100","36"
93,"aspiradora robot jallen gabor",null,"10","$0,00","100","36"
94,"aspiradora robot japonesa",null,"10","$0,00","1","13"
95,"aspiradora robot osoji duo 990",null,"10","$0,00","1","5"
96,"aspiradora robot que mapea",null,"10","$0,00","56","23"
97,"aspiradora robot z1800",null,"10","$0,00","100","44"
98,"robot aspiradora que es",null,"10","$0,00","1","5"
99,"robot aspiradora fika",null,"10","$398,89","99","43"
100,"robot aspiradora mejor",null,"10","$0,00","1","13"
101,"robot aspiradora vacuum s12",null,"10","$0,00","1","5"
102,"robot aspiradora 2 en 1 wurden",null,"10","$0,00","1","5"
103,"robot aspiradora wurden",null,"10","$0,00","100","44"
104,"robot aspiradora falabella",null,"10","$0,00","71","35"
105,"robot aspiradora ripley",null,"10","$0,00","1","13"
106,"robot aspiradora black friday",null,"10","$0,00","1","5"
107,"robot aspiradora media markt",null,"10","$0,00","1","5"
108,"robot aspiradora alexa",null,"10","$0,00","100","44"
109,"robot aspiradora para piscina",null,"10","$239,33","100","36"
110,"robot aspiradora suono",null,"10","$790,52","100","44"
111,"robot aspiradora osoji d870",null,"10","$0,00","1","5"
112,"robot aspiradora aiwa",null,"10","$398,89","73","35"
113,"robot aspiradora cual es la mejor",null,"10","$0,00","100","36"
114,"robot aspiradora recargable",null,"10","$0,00","1","13"
115,"robot aspiradora roborock",null,"10","$420,65","100","44"
116,"robot aspiradora fregona",null,"10","$0,00","1","13"
117,"robot aspiradora panama",null,"10","$0,00","86","39"
118,"robot aspiradora roomba 692",null,"10","$0,00","1","5"
119,"robot aspiradora mi",null,"10","$0,00","1","13"
120,"robot aspiradora liverpool",null,"10","$0,00","1","13"
121,"robot aspiradora shark",null,"10","$0,00","100","44"
122,"robot aspiradora ultracomb",null,"10","$246,59","100","44"
123,"robot aspiradora wurden 2 en 1",null,"10","$0,00","100","36"
124,"robot aspiradora industrial",null,"10","$1.131,39","93","41"
125,"robot aspiradora vileda",null,"10","$0,00","100","44"
126,"robot aspiradora calidad precio",null,"10","$0,00","86","31"
127,"robot aspiradora para alberca",null,"10","$0,00","1","5"
128,"robot aspiradora la mejor",null,"10","$0,00","1","5"
129,"robot aspiradora para dibujar",null,"10","$0,00","1","5"
130,"robot aspiradora costa rica",null,"10","$0,00","1","5"
131,"robot aspiradora thorben",null,"10","$0,00","1","13"
132,"robot aspiradora xiaomi e5",null,"10","$0,00","1","5"
133,"robot aspiradora irobot roomba",null,"10","$0,00","1","5"
134,"robot aspiradora mejor calidad precio",null,"10","$0,00","100","36"
135,"robot aspiradora ecuador",null,"10","$0,00","1","13"
136,"robot aspiradora hot sale",null,"10","$0,00","1","5"
137,"robot aspiradora westinghouse",null,"10","$565,70","100","44"
138,"robot aspiradora lavadora",null,"10","$0,00","1","13"
139,"aspiradora robot xiaomi s40",null,"10","$427,90","100","36"
140,"aspiradora robot xiaomi 1c",null,"10","$0,00","1","5"
141,"aspiradora robot vacuum x20 pro eu 7000pa xiaomi",null,"10","$1.189,41","95","34"
142,"aspiradora robot xiaomi s40c blanca",null,"10","$0,00","100","36"
143,"aspiradora robot xiaomi e5 blanca",null,"10","$0,00","100","36"
144,"aspiradora robot xiaomi x10 bhr6068eu blanco",null,"10","$1.058,87","100","36"
145,"aspiradora xiaomi robot vacuum x20 pro d102gl color blanco",null,"10","$1.588,30","100","36"
146,"aspiradora robot xiaomi falabella",null,"10","$0,00","1","5"
147,"robot aspiradora xiaomi inalámbrica e5",null,"10","$0,00","1","5"
148,"aspiradora robot xiaomi no tira agua",null,"10","$0,00","2","6"
149,"aspiradora robot xiaomi e5 negra",null,"10","$0,00","100","36"
150,"aspiradora robot xiaomi s20 opiniones",null,"10","$377,13","100","36"
151,"aspiradora robot xiaomi x10 plus",null,"10","$500,42","100","36"
152,"aspiradora robot xiaomi s40 trapeadora con navegación laser",null,"10","$1.138,64","100","36"
153,"aspiradora robot xiaomi uruguay",null,"10","$0,00","28","14"
154,"aspiradora robot xiaomi vacuum e5 aspira y trapea",null,"10","$565,70","100","36"
155,"aspiradora robot xiaomi e5 opiniones",null,"10","$0,00","1","5"
156,"aspiradora robot xiaomi x10 bhr6068eu 220v blanco",null,"10","$0,00","1","5"
157,"aspiradora robot xiaomi vacuum x20 max",null,"10","$572,95","100","36"
158,"aspiradora robot xiaomi vacuum e5 negra 220v",null,"10","$0,00","1","5"
159,"aspiradora robot xiaomi vacuum 2",null,"10","$0,00","1","5"
160,"aspiradora robot xiaomi lydsto g1",null,"10","$0,00","1","5"
161,"aspiradora robot xiaomi lider",null,"10","$0,00","1","5"
162,"aspiradora robot xiaomi peru",null,"10","$0,00","100","36"
163,"aspiradora robot xiaomi mop essential",null,"10","$0,00","1","5"
164,"aspiradora robot de piso xiaomi 25watts",null,"10","$0,00","100","36"
165,"aspiradora robot xiaomi mop 2 lite",null,"10","$0,00","100","36"
166,"aspiradora robot xiaomi mop",null,"10","$0,00","1","5"
167,"robot aspiradora y trapeadora mejores marcas",null,"0","$0,00","1","4"
168,"robot aspiradora y trapeadora 2025",null,"0","$0,00","1","4"
169,"mejor robot aspiradora y trapeadora 2025 calidad precio",null,"0","$0,00","1","4"
170,"mejor robot aspiradora y trapeadora 2025 argentina",null,"0","$0,00","1","4"
171,"robot aspiradora trapeadora duo d990 wifi",null,"0","$0,00","1","4"
172,"aspiradora robot trapeadora gadnic v51",null,"0","$0,00","1","4"
173,"aspiradora robot trapeadora gadnic v51 mapeo inteligente",null,"0","$0,00","1","4"
174,"aspiradora robot trapeadora gadnic v51 mapeo inteligente autonomía extendida",null,"0","$0,00","1","4"
175,"aspiradora robot limpiadora y trapeadora hydra export",null,"0","$0,00","1","4"
176,"aspiradora robot trapeadora inteligente yelmo",null,"0","$0,00","1","4"
177,"aspiradora y trapeadora robot jetbot combo ai",null,"0","$0,00","1","4"
178,"robot de limpieza aspiradora y trapeadora",null,"0","$0,00","1","4"
179,"aspiradora robot y trapeadora powerbot e negro samsung",null,"0","$0,00","1","4"
180,"robot aspiradora y trapeadora steren",null,"0","$0,00","1","4"
181,"robot aspiradora y trapeadora temu",null,"0","$0,00","1","4"
182,"aspiradora robot z850 trapeadora gadnic",null,"0","$0,00","1","4"
183,"aspiradora y trapeadora robot midea connectlaser m7 negro",null,"0","$0,00","1","4"
184,"aspiradora y trapeadora robot de r 901 gamma white koblenz",null,"0","$0,00","1","4"
185,"aspiradora robot trapeadora negra gadnic v51",null,"0","$0,00","1","4"
186,"robot aspiradora y trapeadora el salvador",null,"0","$0,00","1","4"
187,"aspiradora y trapeadora robot inteligente xiaomi lydsto r1d",null,"0","$0,00","1","4"
188,"robot aspiradora y trapeadora duo d990 opiniones",null,"0","$0,00","1","4"
189,"robot aspiradora y trapeadora mexico",null,"0","$0,00","1","4"
190,"robot aspiradora y trapeadora deerma",null,"0","$0,00","1","4"
191,"robot aspiradora y trapeadora top",null,"0","$0,00","1","4"
192,"robot aspiradora y trapeadora xiaomi s10",null,"0","$0,00","1","4"
193,"aspiradora y trapeadora robot inteligente xiaomi lydsto r1d edge",null,"0","$0,00","1","4"
194,"aspiradora y trapeadora robot jet bot samsung",null,"0","$0,00","1","4"
195,"robot aspiradora y trapeadora best buy",null,"0","$0,00","1","4"
196,"mejores robot aspiradora y trapeadora 2025 colombia",null,"0","$0,00","1","4"
197,"robot aspiradora y trapeadora wi fi steren",null,"0","$0,00","1","4"
198,"robot aspiradora y trapeadora sears",null,"0","$0,00","1","4"
199,"robot aspiradora y trapeadora ripley",null,"0","$0,00","1","4"
200,"robot aspiradora y trapeadora tapo",null,"0","$0,00","1","4"
201,"robot aspiradora trapeadora duo 990 wifi comentarios",null,"0","$0,00","1","4"
202,"robot aspiradora y trapeadora wi fi",null,"0","$0,00","1","4"
203,"aspiradora robot trapeadora gadnic v51 mapeo inteligente autonomía",null,"0","$0,00","1","4"
204,"aspiradora y trapeadora robot fika think giroscópica",null,"0","$0,00","1","4"
205,"robot aspiradora y trapeadora ilife",null,"0","$0,00","1","4"
206,"robot aspiradora y trapeadora automatica",null,"0","$0,00","1","4"
207,"robot aspiradora y trapeadora shein",null,"0","$0,00","1","4"
208,"robot aspiradora y trapeadora sansei",null,"0","$0,00","1","4"
209,"robot aspiradora y trapeadora profeco",null,"0","$0,00","1","4"
210,"aspiradora robot y trapeadora powerbot e color negro vr05r5050wk ax",null,"0","$0,00","1","4"
211,"robot aspiradora y trapeadora philco",null,"0","$0,00","1","4"
212,"dreame aspiradora y trapeadora robot l10s",null,"0","$0,00","1","4"
213,"robot aspiradora y trapeadora westinghouse",null,"0","$0,00","1","4"
214,"aspiradora robot trapeadora blanca gadnic v51",null,"0","$0,00","1","4"
215,"robot aspiradora y trapeadora ranking",null,"0","$0,00","1","4"
216,"aspiradora robot trapeadora gadnic aspirob",null,"0","$0,00","1","4"
217,"aspiradora y trapeadora robot xiaomi vacuum 5",null,"0","$0,00","1","4"
218,"robot aspiradora y trapeadora eufy x10 pro omni",null,"0","$0,00","1","4"
219,"robot aspiradora y trapeadora fika",null,"0","$0,00","1","4"
220,"robot aspiradora y trapeadora narwal",null,"0","$0,00","1","4"
221,"robot aspiradora trapeadora xiaomi s40c lds 5000pa alexa blanco",null,"0","$0,00","1","4"
222,"robot aspiradora y trapeadora mapeo",null,"0","$0,00","1","4"
223,"aspiradora robot barredora trapeadora automatica inteligente",null,"0","$0,00","1","4"
224,"robot aspiradora y trapeadora irobot",null,"0","$0,00","1","4"
225,"aspiradora robot trapeadora tivoli",null,"0","$0,00","1","4"
226,"robot aspiradora y trapeadora alkomprar",null,"0","$0,00","1","4"
227,"robot aspiradora y trapeadora suono",null,"0","$0,00","1","4"
228,"xiaomi aspiradora y trapeadora robot vacuum s20 us blanco",null,"0","$0,00","1","4"
229,"robot aspiradora y trapeadora santo domingo",null,"0","$0,00","1","4"
230,"robot aspiradora y trapeadora oferta",null,"0","$0,00","1","4"
231,"robot aspiradora y trapeadora philips",null,"0","$0,00","1","4"
232,"aspiradora y trapeadora robot xiaomi vacuum 5 blanco",null,"0","$0,00","1","4"
233,"aspiradora y trapeadora robot vacuum e10c xiaomi negro",null,"0","$0,00","1","4"
234,"robot aspiradora y trapeadora robot",null,"0","$0,00","1","4"
235,"aspiradora y trapeadora robot vacuum s20 us",null,"0","$0,00","1","4"
236,"aspiradora y trapeadora robot tineco",null,"0","$0,00","1","4"
237,"robot aspiradora y trapeadora ropvacnic",null,"0","$0,00","1","4"
238,"robot aspiradora y trapeadora karcher",null,"0","$0,00","1","4"
239,"robot aspiradora y trapeadora makita",null,"0","$0,00","1","4"
240,"aspiradora robot no trapeadora",null,"0","$0,00","1","4"
241,"aspiradora y trapeadora robot jet bot combo",null,"0","$0,00","1","4"
242,"robot aspiradora y trapeadora vertical",null,"0","$0,00","1","4"
243,"robot aspiradora y trapeadora samsung powerbot e",null,"0","$0,00","1","4"
244,"aspiradora robot trapeadora vacuum e10",null,"0","$0,00","1","4"
245,"robot aspiradora y trapeadora eufy omni c20",null,"0","$0,00","1","4"
246,"aspiradora robot electrolux trapeadora home speed 4 en 1",null,"0","$0,00","1","4"
247,"robot aspiradora y trapeadora la mejor",null,"0","$0,00","1","4"
248,"robot aspiradora y trapeadora grande",null,"0","$0,00","1","4"
249,"samsung aspiradora y trapeadora robot jetbot combo ai",null,"0","$0,00","1","4"
250,"robot aspiradora y trapeadora exito",null,"0","$0,00","1","4"
251,"dreame l10s pro ultra heat robot aspiradora y trapeadora",null,"0","$0,00","1","4"
252,"robot aspiradora y trapeadora autolimpiante",null,"0","$0,00","1","4"
253,"aspiradora y trapeadora robot fika smart con estación de vaciado",null,"0","$0,00","1","4"
254,"robot aspiradora y trapeadora daewoo",null,"0","$0,00","1","4"
255,"aspiradora y trapeadora koblenz robot de r 901 gamma white",null,"0","$0,00","1","4"
256,"robot aspiradora y trapeadora gadnic z900",null,"0","$0,00","1","4"
257,"robot aspiradora y trapeadora sams",null,"0","$0,00","1","4"
258,"robot aspiradora y trapeadora duo d990 osoji",null,"0","$0,00","1","4"
259,"robot aspiradora y trapeadora marcas",null,"0","$0,00","1","4"
260,"robot aspiradora y trapeadora yelmo",null,"0","$0,00","1","4"
261,"robot aspiradora y trapeadora target",null,"0","$0,00","1","4"
262,"robot aspiradora y trapeadora dreame x50 ultra",null,"0","$0,00","1","4"
263,"robot aspiradora y trapeadora con agua",null,"0","$0,00","1","4"
264,"robot aspiradora y trapeadora xiaomi x20 plus",null,"0","$0,00","1","4"
265,"aspiradora y trapeadora robot vacuum s20 us negro",null,"0","$0,00","1","4"
266,"robot aspiradora y trapeadora ava",null,"0","$0,00","1","4"
267,"robot aspiradora y trapeadora mejores",null,"0","$0,00","1","4"
268,"aspiradora y trapeadora mi robot vacuum mop e5 us",null,"0","$0,00","1","4"
269,"aspiradora y trapeadora robot thor multibot",null,"0","$0,00","1","4"
270,"robot aspiradora y trapeadora osoji d1000",null,"0","$0,00","1","4"
271,"robot aspiradora y trapeadora coppel",null,"0","$0,00","1","4"
272,"robot aspiradora y trapeadora smartlife",null,"0","$0,00","1","4"
273,"robot aspiradora y trapeadora midea",null,"0","$0,00","1","4"
274,"robot aspiradora y trapeadora en ingles",null,"0","$0,00","1","4"
275,"aspiradora y trapeadora robot aiwa limpia piso aw ami5",null,"0","$0,00","1","4"
276,"robot aspiradora y trapeadora xiaomi e5",null,"0","$0,00","1","4"
277,"aspiradora y trapeadora robot zm006",null,"0","$0,00","1","4"
278,"robot aspiradora y trapeadora usa",null,"0","$0,00","1","4"
279,"robot aspiradora y trapeadora palacio de hierro",null,"0","$0,00","1","4"
280,"aspiradora y trapeadora robot de r 901 gamma white",null,"0","$0,00","1","4"
281,"robot aspiradora y trapeadora thorben",null,"0","$0,00","1","4"
282,"aspiradora robot y trapeadora powerbot e inteligente wi fi",null,"0","$0,00","1","4"
283,"robot aspiradora y trapeadora lydsto",null,"0","$0,00","1","4"
284,"robot aspiradora y trapeadora mejor",null,"0","$0,00","1","4"
285,"robot aspiradora y trapeadora hiraoka",null,"0","$0,00","1","4"
286,"robot aspiradora y trapeadora yeedi",null,"0","$0,00","1","4"
287,"aspiradora y trapeadora robot 2 en 1 roomba i5",null,"0","$0,00","1","4"
288,"aspiradora robot trapeadora thorben multi bot 2 en 1",null,"0","$0,00","1","4"
289,"robot aspiradora yelmo trapeadora inteligente mopa smart as 7070",null,"0","$0,00","1","4"
290,"robot aspiradora y trapeadora aliexpress",null,"0","$0,00","1","4"
291,"aspiradora robot trapeadora filtro hepa smartlife rvc013",null,"0","$0,00","1","4"
292,"aspiradora y trapeadora samsung robot jet bot ai",null,"0","$0,00","1","4"
293,"aspiradora robot y trapeadora powerbot e color negro",null,"0","$0,00","1","4"
294,"robot aspiradora y trapeadora en chile",null,"0","$0,00","1","4"
295,"osoji duo 990 robot aspiradora y trapeadora color blanco",null,"0","$0,00","1","4"
296,"aspiradora robot inteligente trapeadora unnic sensor laser color negro",null,"0","$0,00","1","4"
297,"robot aspiradora y trapeadora inteligente",null,"0","$0,00","1","4"
298,"robot aspiradora y trapeadora reseñas",null,"0","$0,00","1","4"
299,"robot aspiradora y trapeadora compatible con alexa",null,"0","$0,00","1","4"
300,"robot aspiradora y trapeadora pricesmart",null,"0","$0,00","1","4"
301,"aspiradora y trapeadora robot vacuum s40c us 61122",null,"0","$0,00","1","4"
302,"robot aspiradora y trapeadora d1",null,"0","$0,00","1","4"
303,"robot aspiradora y trapeadora conga",null,"0","$0,00","1","4"
304,"robot aspiradora y trapeadora honduras",null,"0","$0,00","1","4"
305,"aspiradora robot trapeadora y barredora",null,"0","$0,00","1","4"
306,"robot aspiradora trapeadora xiaomi s40 lds 10000pa alexa blanco",null,"0","$0,00","1","4"
307,"aspiradora y trapeadora robot atma 200 ml 55 w",null,"0","$0,00","1","4"
308,"robot aspiradora y trapeadora xiaomi vacuum",null,"0","$0,00","1","4"
309,"robot aspiradora y trapeadora home depot",null,"0","$0,00","1","4"
310,"robot aspiradora y trapeadora ninja",null,"0","$0,00","1","4"
311,"robot aspiradora y trapeadora lanix",null,"0","$0,00","1","4"
312,"robot aspiradora y trapeadora duo d990 review",null,"0","$0,00","1","4"
313,"robot aspiradora y trapeadora kalley",null,"0","$0,00","1","4"
314,"robot aspiradora y trapeadora autovaciado",null,"0","$0,00","1","4"
315,"robot aspiradora y trapeadora xiaomi x20",null,"0","$0,00","1","4"
316,"robot aspiradora y trapeadora koblenz",null,"0","$0,00","1","4"
317,"aspiradora y trapeadora robot vacuum s20 us blanco",null,"0","$0,00","1","4"
318,"robot aspiradora y trapeadora aiwa",null,"0","$0,00","1","4"
319,"robot aspiradora y trapeadora video",null,"0","$0,00","1","4"
320,"aspiradora robot y trapeadora samsung powerbot e color negro",null,"0","$0,00","1","4"
321,"xiaomi robot vacuum s40 aspiradora y trapeadora con 10000pa",null,"0","$0,00","1","4"
322,"robot aspiradora y trapeadora peugeot",null,"0","$0,00","1","4"
323,"aspiradora y trapeadora robot atma blanca 40w",null,"0","$0,00","1","4"
324,"robot aspiradora y trapeadora osoji duo d990 opiniones",null,"0","$0,00","1","4"
325,"robot aspiradora y trapeadora bogota",null,"0","$0,00","1","4"
326,"robot aspiradora y trapeadora ktronix",null,"0","$0,00","1","4"
327,"aspiradora robot trapeadora inteligente mopa yelmo as 7070 opiniones",null,"0","$0,00","1","4"
328,"robot aspiradora y trapeadora top 10",null,"0","$0,00","1","4"
329,"aspiradora robot trapeadora tivoli 3 modos de limpieza",null,"0","$0,00","1","4"
330,"robot aspiradora y trapeadora liectroux",null,"0","$0,00","1","4"
331,"robot aspiradora y trapeadora sube escaleras",null,"0","$0,00","1","4"
332,"robot aspiradora y trapeadora eureka",null,"0","$0,00","1","4"
333,"aspiradora y trapeadora robot fika think giroscópica app wifi",null,"0","$0,00","1","4"
334,"robot aspiradora y trapeadora alkosto",null,"0","$0,00","1","4"
335,"robot aspiradora y trapeadora barato",null,"0","$0,00","1","4"
336,"robot aspiradora y trapeadora mascotas",null,"0","$0,00","1","4"
337,"aspiradora robot atma trapeadora 94atar21c1pi opiniones",null,"0","$0,00","1","4"
338,"aspiradora y trapeadora robot fika sense antichoque",null,"0","$0,00","1","4"
339,"aspiradora robot barredora trapeadora automatica inteligente negra",null,"0","$0,00","1","4"
340,"robot aspiradora y trapeadora thomas",null,"0","$0,00","1","4"
341,"robot aspiradora y trapeadora en argentina",null,"0","$0,00","1","4"
342,"robot aspiradora y trapeadora falabella",null,"0","$0,00","1","4"
343,"aspiradora robot trapeadora tivoli 3 modos de limpieza negro",null,"0","$0,00","1","4"
344,"robot aspiradora y trapeadora 360",null,"0","$0,00","1","4"
345,"robot aspiradora y trapeadora electron ba 10700 wifi",null,"0","$0,00","1","4"
346,"robot aspiradora y trapeadora pongamoslo a prueba",null,"0","$0,00","1","4"
347,"robot aspiradora y trapeadora piso flotante",null,"0","$0,00","1","4"
348,"robot aspiradora y trapeadora alexa",null,"0","$0,00","1","4"
349,"robot aspiradora y trapeadora osoji duo",null,"0","$0,00","1","4"
350,"aspiradora robot trapeadora gadnic aspirob recargable",null,"0","$0,00","1","4"
351,"robot aspiradora y trapeadora inalambrica",null,"0","$0,00","1","4"
352,"robot aspiradora y trapeadora ecovacs",null,"0","$0,00","1","4"
353,"robot aspiradora y trapeadora en colombia",null,"0","$0,00","1","4"
354,"robot aspiradora y trapeadora economica",null,"0","$0,00","1","4"
355,"robot aspiradora y trapeadora republica dominicana",null,"0","$0,00","1","4"
356,"aspiradora robot nappo trapeadora",null,"0","$0,00","1","4"
357,"robot aspiradora y trapeadora marcas recomendadas",null,"0","$0,00","1","4"
358,"robot aspiradora y trapeadora medellin",null,"0","$0,00","1","4"
359,"robot aspiradora y trapeadora 3 en 1",null,"0","$0,00","1","4"
360,"aspiradora y trapeadora robot osoji d1000 pro color blanco",null,"0","$0,00","1","4"
361,"xiaomi aspiradora y trapeadora robot vacuum s20 us negro",null,"0","$0,00","1","4"
362,"robot aspiradora y trapeadora xiaomi x20 max",null,"0","$0,00","1","4"
363,"robot aspiradora y trapeadora manual",null,"0","$0,00","1","4"
364,"robot aspiradora y trapeadora ezviz",null,"0","$0,00","1","4"
365,"aspiradora robot trapeadora gadnic z850 plus",null,"0","$0,00","1","4"
366,"aspiradora y trapeadora robot 2 en 1 roomba combo essential",null,"0","$0,00","1","4"
367,"aspiradora robot 0.5 litros excellenza 2 en 1",null,"0","$0,00","1","4"
368,"aspiradora robot 0.5 litros ut excellenza2000",null,"0","$0,00","1","4"
369,"aspiradora robot 0.5 litros excellenza 2 en 1 ursus trotter",null,"0","$0,00","1","4"
370,"aspiradora robot 0.5 litros",null,"0","$0,00","1","4"
371,"aspiradora robot 0.25 l vr7md96514g zs",null,"0","$0,00","1","4"
372,"aspiradora robot essential 0.5 litros",null,"0","$0,00","1","4"
373,"aspiradora robot rcv1 0.31 l karcher",null,"0","$0,00","1","4"
374,"aspiradora robot gadnic 00507",null,"0","$0,00","1","4"
375,"aspiradora robot 22w 0.25 litros negra",null,"0","$0,00","1","4"
376,"aspiradora robot rob2 0 gadnic",null,"0","$0,00","1","4"
377,"aspiradora robot gadnic 0507",null,"0","$0,00","1","4"
378,"aspiradora robot i5 0.5 litros",null,"0","$0,00","1","4"
379,"aspiradora robot gadnic 00122",null,"0","$0,00","1","4"
380,"robot aspiradora 1s",null,"0","$0,00","1","12"
381,"robot aspiradora 18w wrb rollen100",null,"0","$0,00","1","4"
382,"aspiradora robot 1500 watts pure clean pucrc95plus blanco",null,"0","$0,00","1","4"
383,"aspiradora robot 10000pa",null,"0","$0,00","1","12"
384,"aspiradora robot 15000 pa",null,"0","$0,00","1","4"
385,"aspiradora robot 17u7s3 hcvc",null,"0","$0,00","1","4"
386,"aspiradora robot 1000w",null,"0","$0,00","1","12"
387,"aspiradora robot 2 en 1 vr3mb77312k co negro",null,"0","$0,00","1","4"
388,"aspiradora robot 20000 pa",null,"0","$0,00","1","4"
389,"aspiradora robot 2 en 1 samsung",null,"0","$0,00","1","4"
390,"aspiradora robot 2000",null,"0","$0,00","1","12"
391,"aspiradora robot 2500 pa",null,"0","$0,00","1","4"
392,"aspiradora robot 350 ml finlandek",null,"0","$0,00","1","4"
393,"aspiradora robot 3 en 1 eiffel",null,"0","$0,00","1","4"
394,"aspiradora robot 3 en 1 electrolux",null,"0","$0,00","1","4"
395,"aspiradora robot 4 en 1 midea connect gyro i5c negro",null,"0","$0,00","1","4"
396,"aspiradora robot 4500pa",null,"0","$0,00","1","12"
397,"aspiradora robot 4 en 1 nappo",null,"0","$0,00","1","4"
398,"aspiradora robot 4 modos",null,"0","$0,00","1","4"
399,"aspiradora robot 4000",null,"0","$0,00","1","12"
400,"robot aspiradora roomba 405",null,"0","$0,00","1","4"
401,"aspiradora robot 5000pa",null,"0","$0,00","1","12"
402,"aspiradora robot 5 en 1",null,"0","$0,00","1","4"
403,"aspiradora robot 5g",null,"0","$0,00","1","12"
404,"aspiradora robot 5 estrellas",null,"0","$0,00","1","4"
405,"aspiradora robot 5 en 1 innovagoods",null,"0","$0,00","1","4"
406,"aspiradora robot 5 modos",null,"0","$0,00","1","4"
407,"robot aspiradora xiaomi 5 pro",null,"0","$0,00","1","4"
408,"aspiradora robot gadnic 5000pa",null,"0","$0,00","1","4"
409,"aspiradora robot gadnic 5000",null,"0","$0,00","1","4"
410,"aspiradora robot gadnic 5000 pa lidar 360",null,"0","$0,00","1","4"
411,"aspiradora robot 6000pa",null,"0","$0,00","1","12"
412,"aspiradora robot 692",null,"0","$0,00","1","12"
413,"aspiradora robot roomba 694 negro irobot",null,"0","$0,00","1","4"
414,"aspiradora robot as 6061 ultracomb",null,"0","$0,00","1","4"
415,"robot aspiradora 7000pa",null,"0","$0,00","1","12"
416,"robot aspiradora conga 7490 immortal x treme",null,"0","$0,00","1","4"
417,"aspiradora robot as 7070",null,"0","$0,00","1","4"
418,"aspiradora robot as 7070 yelmo",null,"0","$0,00","1","4"
419,"aspiradora robot qr 798",null,"0","$0,00","1","4"
420,"aspiradora robot conga 7690 immortal max",null,"0","$0,00","1","4"
421,"aspiradora robot qr 798 4 litros",null,"0","$0,00","1","4"
422,"aspiradora robot cecotec 7690",null,"0","$0,00","1","4"
423,"aspiradora robot cecotec 7490",null,"0","$0,00","1","4"
424,"aspiradora robot cecotec 7490 immortal home x treme",null,"0","$0,00","1","4"
425,"aspiradora robot 8088",null,"0","$0,00","1","12"
426,"aspiradora robot 8000 pa",null,"0","$0,00","1","4"
427,"aspiradora robot 861",null,"0","$0,00","1","12"
428,"aspiradora robot as 8080 ultracomb negra",null,"0","$0,00","1","4"
429,"aspiradora robot ap 807ng negro sindelen",null,"0","$0,00","1","4"
430,"aspiradora robot sweeping 8088",null,"0","$0,00","1","4"
431,"aspiradora robot as 8080 ultracomb",null,"0","$0,00","1","4"
432,"aspiradora robot conga 8290",null,"0","$0,00","1","4"
433,"aspiradora robot as 8080",null,"0","$0,00","1","4"
434,"robot aspiradora conga 9590",null,"0","$0,00","1","4"
435,"aspiradora robot v1 9.8w insignia",null,"0","$0,00","1","4"
436,"robot aspiradora duo dojosan 990",null,"0","$0,00","1","4"
437,"robot aspiradora funciona",null,"0","$0,00","1","12"
438,"aspiradora robot james aj g1",null,"0","$0,00","1","4"
439,"aspiradora robot jessica",null,"0","$0,00","1","12"
440,"aspiradora robot que marca es mejor",null,"0","$0,00","1","4"
441,"robot aspiradora recargable onoff",null,"0","$0,00","1","4"
442,"aspiradora robot z900 gadnic",null,"0","$0,00","1","4"
443,"aspiradora robot z514",null,"0","$0,00","1","12"
444,"aspiradora robot zumba",null,"0","$0,00","1","12"
445,"aspiradora robot z700",null,"0","$0,00","1","12"
446,"aspiradora robot zm013b",null,"0","$0,00","1","12"
447,"aspiradora robot z2100",null,"0","$0,00","1","12"
448,"aspiradora robot z2000",null,"0","$0,00","1","12"
449,"aspiradora robot z507",null,"0","$0,00","1","12"
450,"aspiradora robot zodiac",null,"0","$0,00","1","12"
451,"aspiradora robot z",null,"0","$0,00","1","12"
452,"aspiradora robot zego",null,"0","$0,00","1","12"
453,"aspiradora robot z1900",null,"0","$0,00","1","12"
454,"robot aspiradora no funciona",null,"0","$0,00","1","4"
455,"robot aspiradora steren precio",null,"0","$0,00","1","4"
456,"robot aspiradora 4000pa",null,"0","$0,00","1","12"
457,"robot aspiradora mas potente",null,"0","$0,00","1","4"
458,"robot aspiradora conga 999",null,"0","$0,00","1","4"
459,"robot aspiradora kobold",null,"0","$0,00","1","12"
460,"robot aspiradora rcv 1 karcher",null,"0","$0,00","1","4"
461,"robot aspiradora lanix",null,"0","$0,00","1","12"
462,"robot aspiradora wallapop",null,"0","$0,00","1","12"
463,"robot aspiradora juguete",null,"0","$0,00","1","12"
464,"robot aspiradora negro",null,"0","$0,00","1","12"
465,"robot aspiradora total",null,"0","$0,00","1","12"
466,"robot aspiradora redflag",null,"0","$0,00","1","12"
467,"robot aspiradora honduras",null,"0","$0,00","1","12"
468,"robot aspiradora santo domingo",null,"0","$0,00","1","4"
469,"robot aspiradora femmto",null,"0","$0,00","1","12"
470,"robot aspiradora k10",null,"0","$0,00","1","12"
471,"robot aspiradora homekit",null,"0","$0,00","1","12"
472,"robot aspiradora ropvacnic",null,"0","$0,00","1","12"
473,"robot aspiradora roomba 694",null,"0","$0,00","1","4"
474,"robot aspiradora vale la pena",null,"0","$0,00","1","4"
475,"robot aspiradora lidar",null,"0","$0,00","1","12"
476,"robot aspiradora k235",null,"0","$0,00","1","12"
477,"robot aspiradora limpiadora",null,"0","$0,00","1","12"
478,"robot aspiradora venezuela",null,"0","$0,00","1","12"
479,"robot aspiradora insignia",null,"0","$0,00","1","12"
480,"robot aspiradora shark matrix",null,"0","$0,00","1","4"
481,"robot aspiradora betterware",null,"0","$0,00","1","12"
482,"robot aspiradora gollo",null,"0","$0,00","1","12"
483,"robot aspiradora irobot roomba essential q",null,"0","$0,00","1","4"
484,"robot aspiradora recomendaciones",null,"0","$0,00","1","12"
485,"robot aspiradora exito",null,"0","$0,00","1","12"
486,"robot aspiradora quito",null,"0","$0,00","1","12"
487,"robot aspiradora guayaquil",null,"0","$0,00","1","12"
488,"aspiradora robot 7",null,"0","$0,00","1","12"
489,"robot aspiradora bueno y barato",null,"0","$0,00","1","4"
490,"robot aspiradora goofy",null,"0","$0,00","1","12"
491,"robot aspiradora fregona xiaomi",null,"0","$0,00","1","4"
492,"robot aspiradora usado",null,"0","$0,00","1","12"
493,"robot aspiradora on city",null,"0","$0,00","1","4"
494,"robot aspiradora honor",null,"0","$0,00","1","12"
495,"robot aspiradora novicompu",null,"0","$0,00","1","12"
496,"robot aspiradora ktronix",null,"0","$0,00","1","12"
497,"robot aspiradora pro 3 en 1",null,"0","$0,00","1","4"
498,"robot aspiradora laser",null,"0","$0,00","1","12"
499,"aspiradora robot 4000 pa",null,"0","$0,00","1","4"
500,"robot aspiradora gatos",null,"0","$0,00","1","12"
501,"robot aspiradora blanco",null,"0","$0,00","1","12"
502,"robot aspiradora dojo 990",null,"0","$0,00","1","4"
503,"robot aspiradora roomba 692 con conexión wi fi",null,"0","$0,00","1","4"
504,"robot aspiradora roomba 690",null,"0","$0,00","1","4"
505,"robot aspiradora 4 en 1",null,"0","$0,00","1","4"
506,"aspiradora robot 5",null,"0","$0,00","1","12"
507,"robot aspiradora que baja escaleras",null,"0","$0,00","1","4"
508,"robot aspiradora homeviz",null,"0","$0,00","1","12"
509,"robot aspiradora para exterior",null,"0","$0,00","1","4"
510,"robot aspiradora forocoches",null,"0","$0,00","1","12"
511,"robot aspiradora kozfule",null,"0","$0,00","1","12"
512,"robot aspiradora dojo san 870",null,"0","$0,00","1","4"
513,"robot aspiradora de alberca",null,"0","$0,00","1","4"
514,"robot aspiradora mini",null,"0","$0,00","1","12"
515,"robot aspiradora s40",null,"0","$0,00","1","12"
516,"robot aspiradora valor",null,"0","$0,00","1","12"
517,"robot aspiradora 2026",null,"0","$0,00","1","12"
518,"robot aspiradora uso rudo",null,"0","$0,00","1","4"
519,"robot aspiradora cecotec 9590",null,"0","$0,00","1","4"
520,"robot aspiradora 10000 pa",null,"0","$0,00","1","4"
521,"robot aspiradora shein",null,"0","$0,00","1","12"
522,"robot aspiradora ninja",null,"0","$0,00","1","12"
523,"robot aspiradora alberca",null,"0","$0,00","1","12"
524,"robot aspiradora no carga",null,"0","$0,00","1","4"
525,"robot aspiradora hipercor",null,"0","$0,00","1","12"
526,"robot aspiradora jardin",null,"0","$0,00","1","12"
527,"robot aspiradora fregadora xiaomi",null,"0","$0,00","1","4"
528,"robot aspiradora nombre",null,"0","$0,00","1","12"
529,"robot aspiradora de colchones",null,"0","$0,00","1","4"
530,"robot aspiradora nelora",null,"0","$0,00","1","12"
531,"robot aspiradora koblenz der 601",null,"0","$0,00","1","4"
532,"robot aspiradora gadnic z700",null,"0","$0,00","1","4"
533,"robot aspiradora conga 990",null,"0","$0,00","1","4"
534,"robot aspiradora k16",null,"0","$0,00","1","12"
535,"robot aspiradora koblenz r 901 gamma white",null,"0","$0,00","1","4"
536,"robot aspiradora br151",null,"0","$0,00","1","12"
537,"robot aspiradora caca de perro",null,"0","$0,00","1","4"
538,"robot aspiradora nissei",null,"0","$0,00","1","12"
539,"robot aspiradora home depot",null,"0","$0,00","1","4"
540,"robot aspiradora ultenic",null,"0","$0,00","1","12"
541,"robot aspiradora prettycare",null,"0","$0,00","1","12"
542,"robot aspiradora ingco",null,"0","$0,00","1","12"
543,"robot aspiradora hiraoka",null,"0","$0,00","1","12"
544,"robot aspiradora klin home",null,"0","$0,00","1","4"
545,"robot aspiradora 6000pa",null,"0","$0,00","1","12"
546,"robot aspiradora blu sens",null,"0","$0,00","1","4"
547,"robot aspiradora karcher rcv1",null,"0","$0,00","1","4"
548,"robot aspiradora vacuum e10",null,"0","$0,00","1","4"
549,"robot aspiradora inalambrica",null,"0","$0,00","1","12"
550,"robot aspiradora 2 en 1",null,"0","$0,00","1","4"
551,"robot aspiradora g20",null,"0","$0,00","1","12"
552,"robot aspiradora vacuum e5",null,"0","$0,00","1","4"
553,"robot aspiradora eufy x10 pro omni 8000pa",null,"0","$0,00","1","4"
554,"robot aspiradora wyze",null,"0","$0,00","1","12"
555,"robot aspiradora osoji 990",null,"0","$0,00","1","4"
556,"robot aspiradora nappo",null,"0","$0,00","1","12"
557,"robot aspiradora híbrido eufy clean l60 opiniones",null,"0","$0,00","1","4"
558,"robot aspiradora persona 5 royal",null,"0","$0,00","1","4"
559,"robot aspiradora vorwerk",null,"0","$0,00","1","12"
560,"robot aspiradora kyvol",null,"0","$0,00","1","12"
561,"robot aspiradora wifi electrolux",null,"0","$0,00","1","4"
562,"robot aspiradora home e ultra erb40",null,"0","$0,00","1","4"
563,"robot aspiradora j7",null,"0","$0,00","1","12"
564,"robot aspiradora james",null,"0","$0,00","1","12"
565,"robot aspiradora fregadora industrial",null,"0","$0,00","1","4"
566,"robot aspiradora conga 7690",null,"0","$0,00","1","4"
567,"robot aspiradora bagotte",null,"0","$0,00","1","12"
568,"robot aspiradora electrolux erb44",null,"0","$0,00","1","4"
569,"robot aspiradora inteligente 3 en 1 x9 turbo pro",null,"0","$0,00","1","4"
570,"robot aspiradora grande",null,"0","$0,00","1","12"
571,"robot aspiradora ultra",null,"0","$0,00","1","12"
572,"robot aspiradora 3d",null,"0","$0,00","1","12"
573,"robot aspiradora iroso",null,"0","$0,00","1","12"
574,"robot aspiradora filtro hepa",null,"0","$0,00","1","4"
575,"robot aspiradora alcampo",null,"0","$0,00","1","12"
576,"robot aspiradora ihome",null,"0","$0,00","1","12"
577,"robot aspiradora no aspira",null,"0","$0,00","1","4"
578,"robot aspiradora no enciende",null,"0","$0,00","1","4"
579,"robot aspiradora gadnic ac800",null,"0","$0,00","1","4"
580,"robot aspiradora barredora",null,"0","$0,00","1","12"
581,"robot aspiradora finlandek",null,"0","$0,00","1","12"
582,"robot aspiradora agua",null,"0","$0,00","1","12"
583,"robot aspiradora video",null,"0","$0,00","1","12"
584,"robot aspiradora redonda",null,"0","$0,00","1","12"
585,"robot aspiradora brazo",null,"0","$0,00","1","12"
586,"robot aspiradora osoji d990 wifi opiniones",null,"0","$0,00","1","4"
587,"robot aspiradora d1",null,"0","$0,00","1","12"
588,"robot aspiradora lydsto",null,"0","$0,00","1","12"
589,"robot aspiradora wap",null,"0","$0,00","1","12"
590,"robot aspiradora krv205",null,"0","$0,00","1","12"
591,"robot aspiradora daka",null,"0","$0,00","1","12"
592,"robot aspiradora leonisa",null,"0","$0,00","1","12"
593,"robot aspiradora 360 s8 plus",null,"0","$0,00","1","4"
594,"robot aspiradora conga 9990",null,"0","$0,00","1","4"
595,"robot aspiradora unnic",null,"0","$0,00","1","12"
596,"robot aspiradora naldo",null,"0","$0,00","1","12"
597,"robot aspiradora honiture",null,"0","$0,00","1","12"
598,"robot aspiradora vodafone",null,"0","$0,00","1","12"
599,"robot aspiradora medidas",null,"0","$0,00","1","12"
600,"robot aspiradora vacuum s20",null,"0","$0,00","1","4"
601,"robot aspiradora worten",null,"0","$0,00","1","12"
602,"robot aspiradora híbrido eufy clean l60",null,"0","$0,00","1","4"
603,"robot aspiradora greenworks",null,"0","$0,00","1","12"
604,"robot aspiradora conga 7490 immortal genesis",null,"0","$0,00","1","4"
605,"robot aspiradora ursus",null,"0","$0,00","1","12"
606,"robot aspiradora mijia 400ml",null,"0","$0,00","1","4"
607,"robot aspiradora navitech",null,"0","$0,00","1","12"
608,"robot aspiradora gama alta",null,"0","$0,00","1","4"
609,"robot aspiradora vacuum cleaner",null,"0","$0,00","1","4"
610,"robot aspiradora ingles",null,"0","$0,00","1","12"
611,"robot aspiradora pragmata",null,"0","$0,00","1","12"
612,"robot aspiradora marca onoff precio",null,"0","$0,00","1","4"
613,"robot aspiradora xiaomi 5",null,"0","$0,00","1","4"
614,"aspiradora robot jones",null,"0","$0,00","1","12"
615,"robot aspiradora 3 en 1 total cleaning",null,"0","$0,00","1","4"
616,"robot aspiradora bissell",null,"0","$0,00","1","12"
617,"robot aspiradora tp link",null,"0","$0,00","1","4"
618,"robot aspiradora vacuum x20",null,"0","$0,00","1","4"
619,"robot aspiradora silvercrest",null,"0","$0,00","1","12"
620,"robot aspiradora conga 9590 spin revolution ultra power",null,"0","$0,00","1","4"
621,"robot aspiradora conga 8490",null,"0","$0,00","1","4"
622,"robot aspiradora home",null,"0","$0,00","1","12"
623,"robot aspiradora sodimac",null,"0","$0,00","1","12"
624,"robot aspiradora wall e",null,"0","$0,00","1","4"
625,"robot aspiradora el corte inglés",null,"0","$0,00","1","4"
626,"robot aspiradora jumbo",null,"0","$0,00","1","12"
627,"robot aspiradora de samsung",null,"0","$0,00","1","4"
628,"robot aspiradora bueno",null,"0","$0,00","1","12"
629,"robot aspiradora vileda precio",null,"0","$0,00","1","4"
630,"aspiradora robot xiaomi h40",null,"0","$0,00","1","4"
631,"aspiradora robot xiaomi 10",null,"0","$0,00","1","4"
632,"aspiradora robot xiaomi 25w",null,"0","$0,00","1","4"
633,"aspiradora robot xiaomi mop 2 ultra",null,"0","$0,00","1","4"
634,"aspiradora robot xiaomi 3c",null,"0","$0,00","1","4"
635,"xiaomi robot aspiradora mi 3c blanco",null,"0","$0,00","1","4"
636,"xiaomi mijia robot aspiradora 3c pro edición mejorada 5000pa",null,"0","$0,00","1","4"
637,"aspiradora xiaomi 3 en 1",null,"0","$0,00","1","4"
638,"aspiradora xiaomi 41717 robot vacuum x10",null,"0","$0,00","1","4"
639,"aspiradora xiaomi 41717 robot vacuum x10 color blanco 220v",null,"0","$0,00","1","4"
640,"aspiradora xiaomi 41717 robot vacuum x10 color blanco",null,"0","$0,00","1","4"
641,"aspiradora robot xiaomi vacuum s20 5000pa negro 45w potencia",null,"0","$0,00","1","4"
642,"aspiradora robot xiaomi s20 45w bivolt blanco",null,"0","$0,00","1","4"
643,"aspiradora robot xiaomi s20 45w bivolt",null,"0","$0,00","1","4"
644,"aspiradora robot xiaomi s20 45w bivolt negro",null,"0","$0,00","1","4"
645,"aspiradora robot xiaomi 5 pro",null,"0","$0,00","1","4"
646,"aspiradora robot xiaomi vacuum 5",null,"0","$0,00","1","4"
647,"aspiradora robot xiaomi vacuum 5 pro",null,"0","$0,00","1","4"
648,"aspiradora robot xiaomi e 5",null,"0","$0,00","1","4"
649,"aspiradora xiaomi mi robot 57094 vacuum s20 negro",null,"0","$0,00","1","4"
650,"aspiradora robot xiaomi s40c 55w bivolt blanco",null,"0","$0,00","1","4"
651,"xiaomi aspiradora robot vacuum s40c 61138",null,"0","$0,00","1","4"
652,"aspiradora robot xiaomi bateria",null,"0","$0,00","1","4"
653,"aspiradora robot xiaomi blanca vacuum e10 eu",null,"0","$0,00","1","4"
654,"aspiradora robot xiaomi con mapeo",null,"0","$0,00","1","4"
655,"aspiradora robot xiaomi con base",null,"0","$0,00","1","4"
656,"aspiradora robot xiaomi con mopa",null,"0","$0,00","1","4"
657,"mejor aspiradora robot de xiaomi",null,"0","$0,00","1","4"
658,"aspiradora robot xiaomi falabella chile",null,"0","$0,00","1","4"
659,"filtro aspiradora robot xiaomi",null,"0","$0,00","1","4"
660,"aspiradora robot xiaomi homecenter",null,"0","$0,00","1","4"
661,"aspiradora robot xiaomi hot sale",null,"0","$0,00","1","4"
662,"robot aspiradora xiaomi inalámbrica vacuum x20 max",null,"0","$0,00","1","4"
663,"robot aspiradora xiaomi inalámbrica vacuum e10 eu",null,"0","$0,00","1","4"
664,"robot aspiradora xiaomi inalámbrica vacuum x20 pro",null,"0","$0,00","1","4"
665,"aspiradora robot xiaomi ktronix",null,"0","$0,00","1","4"
666,"aspiradora robot xiaomi knasta",null,"0","$0,00","1","4"
667,"aspiradora robot xiaomi s20 knasta",null,"0","$0,00","1","4"
668,"aspiradora robot xiaomi lydsto r1",null,"0","$0,00","1","4"
669,"aspiradora robot xiaomi oferta",null,"0","$0,00","1","4"
670,"aspiradora robot xiaomi quito",null,"0","$0,00","1","4"
671,"aspiradora robot xiaomi ultimo modelo",null,"0","$0,00","1","4"
672,"aspiradora xiaomi robot vacuum s40c us blanca",null,"0","$0,00","1","4"
673,"aspiradora xiaomi robot vacuum s40c us",null,"0","$0,00","1","4"
674,"aspiradora xiaomi robot vacuum e5 wifi trapeadora con agua",null,"0","$0,00","1","4"
675,"xiaomi robot aspiradora y fregasuelos",null,"0","$0,00","1","4"
676,"aspiradora robot vacuum x20 max eu 8000pa xiaomi",null,"0","$0,00","1","4"
677,"aspiradora robot xiaomi s40 us",null,"0","$0,00","1","4"
678,"aspiradora robot xiaomi h40 eu 10000 pa",null,"0","$0,00","1","4"
679,"aspiradora robot xiaomi vacuum e5 trapea y aspira color blanco",null,"0","$0,00","1","4"
680,"aspiradora robot xiaomi diferencias",null,"0","$0,00","1","4"
681,"aspiradora robot xiaomi mi x10 plus",null,"0","$0,00","1","4"
682,"aspiradora trapeadora robot inteligente xiaomi vacuum s40c",null,"0","$0,00","1","4"
683,"aspiradora robot xiaomi colombia",null,"0","$0,00","1","4"
684,"aspiradora robot xiaomi e10 b112 35w bivolt",null,"0","$0,00","1","4"
685,"aspiradora robot xiaomi 2025",null,"0","$0,00","1","4"
686,"aspiradora robot xiaomi vacuum s20 trapea y aspira color negro",null,"0","$0,00","1","4"
687,"aspiradora robot xiaomi lydsto g4",null,"0","$0,00","1","4"
688,"aspiradora robot xiaomi e10 b112",null,"0","$0,00","1","4"
689,"aspiradora robot xiaomi s20 negro",null,"0","$0,00","1","4"
690,"aspiradora robot xiaomi lite",null,"0","$0,00","1","4"
691,"aspiradora robot xiaomi vacuum s20 white",null,"0","$0,00","1","4"
692,"aspiradora robot xiaomi autovaciado",null,"0","$0,00","1","4"
693,"aspiradora robot xiaomi lydsto g2",null,"0","$0,00","1","4"
694,"aspiradora robot xiaomi wifi",null,"0","$0,00","1","4"
695,"robot aspiradora xiaomi inalámbrica e5 opiniones",null,"0","$0,00","1","4"
696,"aspiradora robot xiaomi e10 b112 35w bivolt blanco",null,"0","$0,00","1","4"
697,"aspiradora robot xiaomi ciudad del este",null,"0","$0,00","1","4"
698,"aspiradora robot xiaomi reseña",null,"0","$0,00","1","4"
699,"aspiradora robot xiaomi vacuum 20",null,"0","$0,00","1","4"
700,"aspiradora robot xiaomi vacuum 10",null,"0","$0,00","1","4"
701,"aspiradora robot xiaomi s40 opiniones",null,"0","$0,00","1","4"
702,"aspiradora robot xiaomi en chile",null,"0","$0,00","1","4"
703,"aspiradora robot xiaomi e 10",null,"0","$0,00","1","4"
704,"aspiradora robot xiaomi g20",null,"0","$0,00","1","4"
705,"aspiradora robot inteligente xiaomi",null,"0","$0,00","1","4"
706,"aspiradora robot xiaomi ripley",null,"0","$0,00","1","4"
707,"aspiradora robot xiaomi x20 chile",null,"0","$0,00","1","4"
708,"aspiradora robot xiaomi mercadolibre",null,"0","$0,00","1","4"
709,"aspiradora robot xiaomi guatemala",null,"0","$0,00","1","4"
710,"aspiradora robot xiaomi paris",null,"0","$0,00","1","4"
711,"aspiradora robot xiaomi h40 220v blanco",null,"0","$0,00","1","4"
712,"aspiradora robot xiaomi 20000 pa 5 pro",null,"0","$0,00","1","4"
713,"aspiradora robot xiaomi aliexpress",null,"0","$0,00","1","4"
714,"aspiradora robot xiaomi x 20",null,"0","$0,00","1","4"
715,"diferencia entre aspiradora robot xiaomi s20 y s40",null,"0","$0,00","1","4"
716,"aspiradora robot xiaomi x20 max opiniones",null,"0","$0,00","1","4"
717,"aspiradora robot xiaomi h40 blanco",null,"0","$0,00","1","4"
718,"aspiradora robot xiaomi g1",null,"0","$0,00","1","4"
719,"aspiradora robot xiaomi walmart",null,"0","$0,00","1","4"
720,"aspiradora robot xiaomi laser",null,"0","$0,00","1","4"
721,"aspiradora robot xiaomi nissei",null,"0","$0,00","1","4"
722,"aspiradora robot xiaomi comentarios",null,"0","$0,00","1","4"
723,"aspiradora robot xiaomi x20 max chile",null,"0","$0,00","1","4"
724,"aspiradora robot xiaomi vacuum wet dry w20 eu",null,"0","$0,00","1","4"
725,"aspiradora robot xiaomi vacuum s40c eu white",null,"0","$0,00","1","4"
726,"aspiradora robot xiaomi 5000 pa",null,"0","$0,00","1","4"
727,"robot aspiradora xiaomi el corte inglés",null,"0","$0,00","1","4"
728,"bateria de aspiradora robot xiaomi",null,"0","$0,00","1","4"
729,"aspiradora robot xiaomi x20 plus chile",null,"0","$0,00","1","4"
730,"aspiradora robot xiaomi recomendada",null,"0","$0,00","1","4"
731,"aspiradora robot de xiaomi",null,"0","$0,00","1","4"
732,"aspiradora robot xiaomi x20 max color negro",null,"0","$0,00","1","4"
733,"aspiradora robot xiaomi vacuum s40 pro",null,"0","$0,00","1","4"
734,"aspiradora robot xiaomi liverpool",null,"0","$0,00","1","4"
735,"como funciona la aspiradora robot xiaomi vacuum e5",null,"0","$0,00","1","4"
736,"aspiradora robot xiaomi s20 review",null,"0","$0,00","1","4"
737,"aspiradora robot xiaomi autolimpiante",null,"0","$0,00","1","4"
738,"aspiradora robot xiaomi c108 blanco",null,"0","$0,00","1","4"
739,"aspiradora robot xiaomi t12",null,"0","$0,00","1","4"
740,"diferencia entre aspiradora robot xiaomi e5 y e10",null,"0","$0,00","1","4"
741,"aspiradora robot xiaomi mi x10 plus color blanco",null,"0","$0,00","1","4"
742,"aspiradora robot xiaomi e5 c108",null,"0","$0,00","1","4"
743,"aspiradora robot xiaomi no funciona",null,"0","$0,00","1","4"
744,"aspiradora robot xiaomi vacuum e10 4000pa 2600mah 220v color negro",null,"0","$0,00","1","4"
745,"aspiradora robot xiaomi 3 en 1",null,"0","$0,00","1","4"
746,"aspiradora robot xiaomi m40",null,"0","$0,00","1","4"
747,"aspiradora robot xiaomi roborock",null,"0","$0,00","1","4"
748,"aspiradora robot xiaomi lydsto",null,"0","$0,00","1","4"
749,"aspiradora robot xiaomi temu",null,"0","$0,00","1","4"
750,"aspiradora xiaomi robot blanco vacuum e5",null,"0","$0,00","1","4"
751,"aspiradora robot xiaomi mjstg1",null,"0","$0,00","1","4"
752,"ultima aspiradora robot xiaomi",null,"0","$0,00","1","4"
753,"aspiradora robot xiaomi s20 argentina",null,"0","$0,00","1","4"
754,"aspiradora robot xiaomi no aspira",null,"0","$0,00","1","4"
755,"robot aspiradora xiaomi vacuum mop 1c",null,"0","$0,00","1","4"
756,"aspiradora xiaomi robot vacuum s20 us",null,"0","$0,00","1","4"
757,"aspiradora robot xiaomi rosario",null,"0","$0,00","1","4"
758,"aspiradora robot xiaomi black friday",null,"0","$0,00","1","4"
759,"aspiradora robot xiaomi s40 ov81 blanco",null,"0","$0,00","1","4"
760,"aspiradora robot xiaomi reddit",null,"0","$0,00","1","4"
761,"aspiradora xiaomi robot vacuum s20 white us",null,"0","$0,00","1","4"
762,"aspiradora xiaomi robot vacuum x20 wi fi programable",null,"0","$0,00","1","4"
763,"aspiradora robot xiaomi negra",null,"0","$0,00","1","4"
764,"aspiradora robot xiaomi paraguay",null,"0","$0,00","1","4"
765,"aspiradora robot xiaomi bolivia",null,"0","$0,00","1","4"
766,"aspiradora robot xiaomi lydsto g1 negra",null,"0","$0,00","1","4"
767,"aspiradora robot xiaomi pro",null,"0","$0,00","1","4"
768,"aspiradora robot xiaomi como funciona",null,"0","$0,00","1","4"
769,"aspiradora inteligente xiaomi robot vacuum 5",null,"0","$0,00","1","4"
770,"aspiradora robot xiaomi media markt",null,"0","$0,00","1","4"
771,"aspiradora xiaomi robot mini 31492",null,"0","$0,00","1","4"
772,"aspiradora robot xiaomi bhr6783eu e10 blanco",null,"0","$0,00","1","4"
773,"aspiradora robot xiaomi claro",null,"0","$0,00","1","4"
774,"aspiradora robot xiaomi brasil",null,"0","$0,00","1","4"
775,"como funciona la aspiradora robot xiaomi s20",null,"0","$0,00","1","4"
776,"aspiradora robot xiaomi e20",null,"0","$0,00","1","4"
777,"aspiradora robot xiaomi robot vacuum e5 400 ml",null,"0","$0,00","1","4"
778,"aspiradora xiaomi robot vacuum s40pro us",null,"0","$0,00","1","4"
779,"aspiradora robot xiaomi manual",null,"0","$0,00","1","4"
780,"aspiradora robot xiaomi alkomprar",null,"0","$0,00","1","4"
781,"aspiradora robot xiaomi e5 negro eu c108",null,"0","$0,00","1","4"
782,"aspiradora robot xiaomi s40 review",null,"0","$0,00","1","4"
783,"aspiradora robot xiaomi vacuum s20 negra 110v color negro",null,"0","$0,00","1","4"
784,"aspiradora robot xiaomi repuestos",null,"0","$0,00","1","4"
785,"aspiradora robot xiaomi ecuador",null,"0","$0,00","1","4"
786,"aspiradora robot xiaomi autolimpieza",null,"0","$0,00","1","4"
787,"aspiradora robot xiaomi h40 opiniones",null,"0","$0,00","1","4"
788,"aspiradora robot xiaomi s20 amazon",null,"0","$0,00","1","4"
789,"aspiradora robot xiaomi s20 plus opiniones",null,"0","$0,00","1","4"
790,"aspiradora robot xiaomi amazon",null,"0","$0,00","1","4"
791,"aspiradora robot xiaomi blanca",null,"0","$0,00","1","4"
792,"aspiradora robot xiaomi x10 opiniones",null,"0","$0,00","1","4"
793,"aspiradora robot xiaomi s40c blanca 5000 pa",null,"0","$0,00","1","4"
794,"aspiradora robot xiaomi 20 pro",null,"0","$0,00","1","4"
795,"aspiradora robot xiaomi no carga",null,"0","$0,00","1","4"
796,"robot aspiradora xiaomi vacuum e5 white opiniones",null,"0","$0,00","1","4"
797,"aspiradora robot xiaomi vacuum s40 bhr084aeu 10000 pa",null,"0","$0,00","1","4"
798,"aspiradora robot xiaomi vacuum s40 bhr084aeu 10000 pa blanco",null,"0","$0,00","1","4"
799,"aspiradora robot xiaomi app",null,"0","$0,00","1","4"
800,"aspiradora robot xiaomi panama",null,"0","$0,00","1","4"
801,"aspiradora robot xiaomi el salvador",null,"0","$0,00","1","4"
802,"aspiradora xiaomi robot vacuum e5 white us",null,"0","$0,00","1","4"
803,"aspiradora robot xiaomi vacuum h40 220v",null,"0","$0,00","1","4"
804,"aspiradora robot xiaomi tupi",null,"0","$0,00","1","4"
805,"aspiradora trapeadora robot xiaomi lydsto r1 edge",null,"0","$0,00","1","4"
806,"aspiradora robot xiaomi x20 opiniones",null,"0","$0,00","1","4"
807,"aspiradora robot xiaomi vacuum s20 trapea y aspira color blanco",null,"0","$0,00","1","4"
808,"aspiradora robot xiaomi dreame vacuum cleaner d10s rls3l",null,"0","$0,00","1","4"
809,"aspiradora robot xiaomi s40 eu",null,"0","$0,00","1","4"
810,"robot aspiradora s40c xiaomi 61122",null,"0","$0,00","1","4"
811,"aspiradora robot xiaomi mijia mop 3c enhanced blanca 220v",null,"0","$0,00","1","4"
812,"aspiradora robot xiaomi costa rica",null,"0","$0,00","1","4"
813,"aspiradora robot xiaomi s20 trapea",null,"0","$0,00","1","4"
814,"aspiradora robot xiaomi vacuum s20 negra 127v",null,"0","$0,00","1","4"
815,"aspiradora xiaomi robot mini 31492 regalía",null,"0","$0,00","1","4"
816,"service aspiradora robot xiaomi uruguay",null,"0","$0,00","1","4"
817,"aspiradora robot xiaomi mijia",null,"0","$0,00","1","4"
818,"aspiradora robot xiaomi mercado libre",null,"0","$0,00","1","4"
819,"aspiradora robot xiaomi alfombra",null,"0","$0,00","1","4"
820,"aspiradora robot xiaomi e5 review",null,"0","$0,00","1","4"
821,"aspiradora xiaomi robot vacuum e10 4000pa",null,"0","$0,00","1","4"
822,"aspiradora robot xiaomi s20 pro",null,"0","$0,00","1","4"
823,"aspiradora robot xiaomi cyber monday",null,"0","$0,00","1","4"
824,"aspiradora robot xiaomi vacuum e5 aspira y trapea color negro",null,"0","$0,00","1","4"
825,"aspiradora robot xiaomi dreame",null,"0","$0,00","1","4"
826,"aspiradora robot xiaomi la mejor",null,"0","$0,00","1","4"
827,"aspiradora robot xiaomi lydsto g1 blanca",null,"0","$0,00","1","4"
828,"aspiradora robot que trapea xiaomi",null,"0","$0,00","1","4"
